7,Bristol/Jhnsn Cty/Kngsprt,Tennessee,TRI,1.3,77
5,Augusta,Georgia,AGS,2.57,71
5,Columbia,South Carolina,CAE,1.06,70
8,Nashville,Tennessee,BNA,1.55,83
4,Lexington,Kentucky,LEX,0.41,45
1,Louisville,Kentucky,SDF,0.15,31
5,Jackson,Kentucky,JKL,1.37,63
8,Daytona Beach,Florida,DAB,0.17,85
9,Key West,Florida,EYW,0,85
3,Greensboro,North Carolina,GSO,0.07,64
8,Raleigh/Durham,North Carolina,RDU,0.54,84
3,Columbia,South Carolina,CAE,0.83,62
5,Paducah,Kentucky,PAH,0.01,61
11,Tallahassee,Florida,TLH,0,64
10,Crossville,Tennessee,CSV,0.27,61
4,Augusta,Georgia,AGS,3.97,64
10,Athens,Georgia,AHN,0.01,72
7,Daytona Beach,Florida,DAB,0.45,85
7,Augusta,Georgia,AGS,0.15,85
11,Greensboro,North Carolina,GSO,0.06,47
8,Jackson,Kentucky,JKL,3.7,76
6,Louisville,Kentucky,SDF,1.31,79
5,Asheville,North Carolina,AVL,0.63,61
5,Savannah,Georgia,SAV,6.17,74
7,Charlotte,North Carolina,CLT,0,86
2,West Palm Beach,Florida,PBI,0.88,69
5,Atlanta,Georgia,ATL,0.02,66
11,Clarksville,Tennessee,CKV,0.47,52
7,Clarksville,Tennessee,CKV,4.74,79
9,Charleston,South Carolina,CHS,2.33,79
9,Vero Beach,Florida,VRB,1.12,82
6,Knoxville,Tennessee,TYS,0.41,79
11,Pensacola,Florida,PNS,0.36,65
6,Clarksville,Tennessee,CKV,0,72
1,Knoxville,Tennessee,TYS,1.29,27
9,Wilmington,North Carolina,ILM,7.87,76
3,Key West,Florida,EYW,0.03,78
5,Charleston,South Carolina,CHS,0.44,71
11,Charleston,South Carolina,CHS,0,56
1,Raleigh/Durham,North Carolina,RDU,0,43
1,Montgomery,Alabama,MGM,0.62,58
8,Charlotte,North Carolina,CLT,0.83,82
1,Covington,Kentucky,CVG,0.83,41
7,Paducah,Kentucky,PAH,0.45,81
9,Tallahassee,Florida,TLH,6.06,81
4,Anderson,South Carolina,AND,0.25,66
1,Tampa,Florida,TPA,1.6,59
7,Lexington,Kentucky,LEX,0.39,72
8,Wilmington,North Carolina,ILM,0.06,83
6,Miami,Florida,MIA,2.06,84
11,Birmingham,Alabama,BHM,0,58
10,Bristol/Jhnsn Cty/Kngsprt,Tennessee,TRI,0,60
4,Raleigh/Durham,North Carolina,RDU,1.02,66
1,Vero Beach,Florida,VRB,0.51,54
7,Miami,Florida,MIA,0.32,85
8,Miami,Florida,MIA,1.1,85
8,Louisville,Kentucky,SDF,0.01,81
7,Charlotte,North Carolina,CLT,0.7,81
1,Bristol/Jhnsn Cty/Kngsprt,Tennessee,TRI,1.29,24
8,Macon,Georgia,MCN,0.94,83
1,Louisville,Kentucky,SDF,0.64,45
9,Knoxville,Tennessee,TYS,0.56,78
12,Vero Beach,Florida,VRB,0.49,71
7,Athens,Georgia,AHN,0,83
10,Asheville,North Carolina,AVL,0.01,60
6,Asheville,North Carolina,AVL,0.04,77
1,Wilmington,North Carolina,ILM,1.82,36
6,Wilmington,North Carolina,ILM,1.06,79
12,Covington,Kentucky,CVG,0.73,31
7,Asheville,North Carolina,AVL,1.32,75
6,Fort Lauderdale,Florida,FLL,0.2,83
5,Vero Beach,Florida,VRB,0,75
10,Miami,Florida,MIA,1.27,84
2,Raleigh/Durham,North Carolina,RDU,1.53,45
1,Hickory,North Carolina,HKY,0.04,41
1,Greensboro,North Carolina,GSO,0.88,28
2,Gainesville,Florida,GNV,0.13,58
10,Birmingham,Alabama,BHM,0,70
11,Crossville,Tennessee,CSV,0.01,44
10,Charleston,South Carolina,CHS,0,68
11,Mobile,Alabama,MOB,0,59
6,Gainesville,Florida,GNV,0.37,83
11,Clarksville,Tennessee,CKV,0,63
6,Cape Hatteras,North Carolina,HSE,0.82,77
8,Key West,Florida,EYW,0.29,85
5,Pensacola,Florida,PNS,0.04,77
1,Memphis,Tennessee,MEM,0.76,32
7,Mobile,Alabama,MOB,1.97,81
10,Lexington,Kentucky,LEX,0,63
9,Lexington,Kentucky,LEX,0.43,76
11,Lexington,Kentucky,LEX,0.22,48
9,Crossville,Tennessee,CSV,0.62,73
8,Miami,Florida,MIA,0.4,86
9,Anderson,South Carolina,AND,0,79
6,Tallahassee,Florida,TLH,0.12,83
4,Fort Lauderdale,Florida,FLL,0.6,77
4,Bristol/Jhnsn Cty/Kngsprt,Tennessee,TRI,0.51,46
9,Huntsville,Alabama,HSV,0,81
3,Alma,Georgia,AMG,2.04,61
5,Louisville,Kentucky,SDF,0.57,61
10,Pensacola,Florida,PNS,0,72
7,Atlanta,Georgia,ATL,0,85
6,Jackson,Kentucky,JKL,0.03,71
2,Raleigh/Durham,North Carolina,RDU,0.09,31
10,Covington,Kentucky,CVG,0.04,62
4,Jacksonville,Florida,JAX,1.35,69
3,Anderson,South Carolina,AND,0.21,63
6,Birmingham,Alabama,BHM,2.17,80
12,Wilmington,North Carolina,ILM,2.16,47
7,Pensacola,Florida,PNS,0.73,85
1,Hickory,North Carolina,HKY,1.4,38
3,Lexington,Kentucky,LEX,0.07,54
7,Anderson,South Carolina,AND,0.04,83
6,Hickory,North Carolina,HKY,0,74
8,Miami,Florida,MIA,1.93,82
10,Jackson,Kentucky,JKL,0,62
1,Mobile,Alabama,MOB,1.23,54
9,Miami,Florida,MIA,0.33,84
12,Pensacola,Florida,PNS,0.18,58
3,Daytona Beach,Florida,DAB,0.53,75
5,Atlanta,Georgia,ATL,0.96,69
2,Anderson,South Carolina,AND,0,36
2,Savannah,Georgia,SAV,0.08,44
1,West Palm Beach,Florida,PBI,0.99,68
8,Atlanta,Georgia,ATL,0.53,84
12,Daytona Beach,Florida,DAB,0.01,69
11,Jacksonville,Florida,JAX,0.02,70
10,Louisville,Kentucky,SDF,0,66
6,Alma,Georgia,AMG,1.36,82
12,Clarksville,Tennessee,CKV,1.35,35
10,Huntsville,Alabama,HSV,0.77,68
4,West Palm Beach,Florida,PBI,0.56,75
11,Knoxville,Tennessee,TYS,0.11,46
10,Pensacola,Florida,PNS,0,73
6,Charlotte,North Carolina,CLT,0.99,79
9,Charlotte,North Carolina,CLT,0.01,77
4,Daytona Beach,Florida,DAB,0.83,71
12,Greer,South Carolina,GSP,0,48
11,Nashville,Tennessee,BNA,0,66
7,Key West,Florida,EYW,2.16,83
2,Tallahassee,Florida,TLH,0,50
6,Mobile,Alabama,MOB,0.51,82
9,Raleigh/Durham,North Carolina,RDU,2.04,74
3,Louisville,Kentucky,SDF,0.47,39
8,Hickory,North Carolina,HKY,1.36,80
1,Lexington,Kentucky,LEX,0.05,40
2,West Palm Beach,Florida,PBI,0,59
3,Anderson,South Carolina,AND,0.65,48
12,Jackson,Kentucky,JKL,0.13,39
8,Orlando,Florida,MCO,2.72,82
12,Augusta,Georgia,AGS,0.38,52
10,Crossville,Tennessee,CSV,0,62
11,Greer,South Carolina,GSP,0.2,54
4,Miami,Florida,MIA,0.91,76
6,Chattanooga,Tennessee,CHA,0.12,83
11,Daytona Beach,Florida,DAB,0.1,74
10,Bristol/Jhnsn Cty/Kngsprt,Tennessee,TRI,0.25,63
8,Raleigh/Durham,North Carolina,RDU,0.18,80
10,Raleigh/Durham,North Carolina,RDU,0.14,61
3,Orlando,Florida,MCO,0.07,66
6,Lexington,Kentucky,LEX,2.37,74
12,Knoxville,Tennessee,TYS,2.28,41
7,Clarksville,Tennessee,CKV,4.98,81
7,Jackson,Kentucky,JKL,0,72
11,Augusta,Georgia,AGS,0,55
7,Covington,Kentucky,CVG,0.28,80
9,Miami,Florida,MIA,2.73,83
10,Hickory,North Carolina,HKY,1.01,66
1,Orlando,Florida,MCO,2.67,60
11,Montgomery,Alabama,MGM,0,57
1,Gainesville,Florida,GNV,0.06,63
5,Bristol/Jhnsn Cty/Kngsprt,Tennessee,TRI,2.04,63
12,Columbia,South Carolina,CAE,0.32,49
7,Anderson,South Carolina,AND,0,83
7,Atlanta,Georgia,ATL,0.44,84
5,Knoxville,Tennessee,TYS,0.19,72
3,Alma,Georgia,AMG,0.08,66
7,Alma,Georgia,AMG,0.79,83
9,Miami,Florida,MIA,1.67,83
9,Greensboro,North Carolina,GSO,0.4,75
1,Vero Beach,Florida,VRB,0.26,68
9,Alma,Georgia,AMG,0,78
7,Mobile,Alabama,MOB,0.95,84
11,Daytona Beach,Florida,DAB,0,64
7,Memphis,Tennessee,MEM,2.41,85
8,Jackson,Kentucky,JKL,0.57,80
4,Key West,Florida,EYW,1.1,76
1,Bristol/Jhnsn Cty/Kngsprt,Tennessee,TRI,1.16,42
2,Louisville,Kentucky,SDF,1.58,44
1,Greensboro,North Carolina,GSO,0.18,46
3,Orlando,Florida,MCO,4.58,68
12,Pensacola,Florida,PNS,4.47,55
7,Greer,South Carolina,GSP,0,83
3,Crossville,Tennessee,CSV,0.19,54
11,Tallahassee,Florida,TLH,0,72
2,Columbia,South Carolina,CAE,1.68,53
7,Atlanta,Georgia,ATL,1.58,83
2,Huntsville,Alabama,HSV,1.54,50
4,West Palm Beach,Florida,PBI,0,79
3,Augusta,Georgia,AGS,0.05,65
8,Covington,Kentucky,CVG,0.84,77
4,Orlando,Florida,MCO,0.01,72
9,Bristol/Jhnsn Cty/Kngsprt,Tennessee,TRI,0.07,73
9,Clarksville,Tennessee,CKV,0.72,77
3,Asheville,North Carolina,AVL,0.21,56
9,Savannah,Georgia,SAV,0.32,79
2,Gainesville,Florida,GNV,0,50
10,Gainesville,Florida,GNV,1.49,77
9,Charleston,South Carolina,CHS,2.22,79
7,Orlando,Florida,MCO,0.01,87
5,Asheville,North Carolina,AVL,0.41,60
6,Miami,Florida,MIA,0.34,83
1,West Palm Beach,Florida,PBI,0.03,70
6,Greensboro,North Carolina,GSO,0,75
7,Hickory,North Carolina,HKY,3.56,78
12,Paducah,Kentucky,PAH,0.68,38
2,Asheville,North Carolina,AVL,1.11,42
2,Covington,Kentucky,CVG,1.09,42
9,Pensacola,Florida,PNS,0,84
8,Daytona Beach,Florida,DAB,0.92,83
5,Gainesville,Florida,GNV,0,74
7,West Palm Beach,Florida,PBI,0.37,87
5,Orlando,Florida,MCO,2.09,80
11,Orlando,Florida,MCO,0,69
1,Columbia,South Carolina,CAE,0.27,45
7,Pensacola,Florida,PNS,0.56,84
4,Jacksonville,Florida,JAX,0.7,67
10,Paducah,Kentucky,PAH,0.21,66
1,Memphis,Tennessee,MEM,0.04,49
2,Hickory,North Carolina,HKY,0,30
2,Vero Beach,Florida,VRB,1.66,66
12,Bristol/Jhnsn Cty/Kngsprt,Tennessee,TRI,0.89,42
8,Charlotte,North Carolina,CLT,0.22,83
9,Louisville,Kentucky,SDF,0,74
8,Jacksonville,Florida,JAX,1.05,83
1,Birmingham,Alabama,BHM,0,39
5,Clarksville,Tennessee,CKV,1.61,60
9,Chattanooga,Tennessee,CHA,0,79
3,Cape Hatteras,North Carolina,HSE,1.14,60
1,Bristol/Jhnsn Cty/Kngsprt,Tennessee,TRI,0,34
2,Alma,Georgia,AMG,0.73,56
6,Anderson,South Carolina,AND,0,82
1,Huntsville,Alabama,HSV,0,39
12,Hickory,North Carolina,HKY,0.95,46
8,Anderson,South Carolina,AND,0.45,83
6,Birmingham,Alabama,BHM,0.44,80
12,Pensacola,Florida,PNS,1.62,61
3,Birmingham,Alabama,BHM,0.03,61
1,Fort Lauderdale,Florida,FLL,2.02,61
7,Huntsville,Alabama,HSV,2.16,83
11,Daytona Beach,Florida,DAB,0,62
8,Tallahassee,Florida,TLH,1.33,85
5,Tallahassee,Florida,TLH,0,78
2,Lexington,Kentucky,LEX,1.61,43
10,Montgomery,Alabama,MGM,0,71
9,Savannah,Georgia,SAV,3.28,78
2,Chattanooga,Tennessee,CHA,0.02,35
9,Asheville,North Carolina,AVL,0.01,71
6,Chattanooga,Tennessee,CHA,0.93,78
7,Huntsville,Alabama,HSV,0.06,82
8,Crossville,Tennessee,CSV,0.3,77
12,Pensacola,Florida,PNS,2.87,63
10,Orlando,Florida,MCO,0,74
10,Daytona Beach,Florida,DAB,0.26,77
3,Miami,Florida,MIA,0.04,75
12,Daytona Beach,Florida,DAB,0.01,65
5,Louisville,Kentucky,SDF,0.33,74
1,Greer,South Carolina,GSP,0.04,45
1,Birmingham,Alabama,BHM,0.87,49
8,Greensboro,North Carolina,GSO,0.44,80
11,Birmingham,Alabama,BHM,0,68
4,Nashville,Tennessee,BNA,0.22,67
2,Greensboro,North Carolina,GSO,1.67,43
4,Hickory,North Carolina,HKY,0.12,55
9,Athens,Georgia,AHN,0,80
4,Atlanta,Georgia,ATL,0.31,67
4,Pensacola,Florida,PNS,0,67
6,Asheville,North Carolina,AVL,0.05,73
1,Raleigh/Durham,North Carolina,RDU,0.96,30
3,Savannah,Georgia,SAV,4.11,63
1,Gainesville,Florida,GNV,1.37,50
7,Miami,Florida,MIA,0.01,86
5,Wilmington,North Carolina,ILM,1.16,66
9,Columbia,South Carolina,CAE,1.76,80
9,Louisville,Kentucky,SDF,0,79
8,Memphis,Tennessee,MEM,0,87
6,Augusta,Georgia,AGS,1.66,80
2,Wilmington,North Carolina,ILM,0.67,54
1,Raleigh/Durham,North Carolina,RDU,0.4,48
1,Orlando,Florida,MCO,0.07,52
4,Key West,Florida,EYW,0.05,77
11,Raleigh/Durham,North Carolina,RDU,0.27,52
7,Crossville,Tennessee,CSV,1.07,73
10,Lexington,Kentucky,LEX,0.69,64
9,Tampa,Florida,TPA,0.46,85
1,Fort Lauderdale,Florida,FLL,0.94,70
10,Asheville,North Carolina,AVL,0,60
3,Fort Lauderdale,Florida,FLL,0.02,75
1,Miami,Florida,MIA,0.84,70
3,Raleigh/Durham,North Carolina,RDU,1.99,60
11,Jacksonville,Florida,JAX,0,58
9,Chattanooga,Tennessee,CHA,0.25,81
5,Hickory,North Carolina,HKY,0.84,65
3,Alma,Georgia,AMG,0.25,69
5,Cape Hatteras,North Carolina,HSE,1.62,65
11,Chattanooga,Tennessee,CHA,0.01,53
11,Athens,Georgia,AHN,0,54
7,Memphis,Tennessee,MEM,0.36,84
1,Tallahassee,Florida,TLH,0.46,53
7,Nashville,Tennessee,BNA,0,85
4,Raleigh/Durham,North Carolina,RDU,0.85,55
12,Lexington,Kentucky,LEX,1.36,34
11,Huntsville,Alabama,HSV,0.2,55
10,Clarksville,Tennessee,CKV,0.05,64
2,Tampa,Florida,TPA,0.97,62
4,Savannah,Georgia,SAV,0.09,63
11,Wilmington,North Carolina,ILM,0.19,61
8,Savannah,Georgia,SAV,0.34,85
6,Jackson,Kentucky,JKL,1.41,75
2,Greer,South Carolina,GSP,0.04,33
5,Atlanta,Georgia,ATL,0.21,75
2,Birmingham,Alabama,BHM,0,41
11,Memphis,Tennessee,MEM,0.57,56
4,Nashville,Tennessee,BNA,0,56
8,Huntsville,Alabama,HSV,1.61,83
8,Wilmington,North Carolina,ILM,0.3,79
5,Tampa,Florida,TPA,0,82
9,Paducah,Kentucky,PAH,0,76
1,Vero Beach,Florida,VRB,1.59,65
12,Birmingham,Alabama,BHM,0.93,44
11,Alma,Georgia,AMG,0,57
6,West Palm Beach,Florida,PBI,0.09,84
7,Gainesville,Florida,GNV,0.03,83
6,Asheville,North Carolina,AVL,0.19,71
7,Charlotte,North Carolina,CLT,0,81
1,Memphis,Tennessee,MEM,0.05,42
1,Athens,Georgia,AHN,0,45
7,Knoxville,Tennessee,TYS,1,83
3,Nashville,Tennessee,BNA,1.88,65
4,Wilmington,North Carolina,ILM,0.39,66
9,Vero Beach,Florida,VRB,1.45,82
5,Savannah,Georgia,SAV,1.13,70
9,Daytona Beach,Florida,DAB,0.48,80
10,Huntsville,Alabama,HSV,0,72
11,Miami,Florida,MIA,0,75
9,Lexington,Kentucky,LEX,0,71
7,Knoxville,Tennessee,TYS,0.02,80
7,Augusta,Georgia,AGS,0.26,86
12,Tampa,Florida,TPA,0,71
1,Anderson,South Carolina,AND,0.09,46
4,Greer,South Carolina,GSP,0.43,53
4,Covington,Kentucky,CVG,0.52,42
10,Huntsville,Alabama,HSV,0,69
12,Athens,Georgia,AHN,0.18,45
7,Fort Lauderdale,Florida,FLL,0.91,85
7,Covington,Kentucky,CVG,1.31,75
11,Charleston,South Carolina,CHS,0,66
1,Huntsville,Alabama,HSV,1.57,52
7,Tallahassee,Florida,TLH,0.96,85
3,Macon,Georgia,MCN,0.9,58
7,Bristol/Jhnsn Cty/Kngsprt,Tennessee,TRI,0.12,76
5,Pensacola,Florida,PNS,0.38,70
3,Clarksville,Tennessee,CKV,0.25,53
1,Greensboro,North Carolina,GSO,0.03,42
8,Paducah,Kentucky,PAH,6.06,81
12,Bristol/Jhnsn Cty/Kngsprt,Tennessee,TRI,1.57,38
3,Miami,Florida,MIA,0.01,73
10,Chattanooga,Tennessee,CHA,0,71
10,Montgomery,Alabama,MGM,0,70
9,Mobile,Alabama,MOB,0.08,82
8,Charleston,South Carolina,CHS,0.03,85
12,Alma,Georgia,AMG,0,54
6,Hickory,North Carolina,HKY,0.18,75
9,Birmingham,Alabama,BHM,0.01,81
1,Savannah,Georgia,SAV,1.82,48
3,Atlanta,Georgia,ATL,0,65
12,Bristol/Jhnsn Cty/Kngsprt,Tennessee,TRI,1.15,38
9,Nashville,Tennessee,BNA,0,78
4,Anderson,South Carolina,AND,0.5,54
9,Raleigh/Durham,North Carolina,RDU,0.06,78
7,Greensboro,North Carolina,GSO,0.12,81
9,Louisville,Kentucky,SDF,0.47,80
10,Macon,Georgia,MCN,0,68
7,Tallahassee,Florida,TLH,2.76,83
5,Atlanta,Georgia,ATL,0.06,70
7,Bristol/Jhnsn Cty/Kngsprt,Tennessee,TRI,1.31,81
2,Knoxville,Tennessee,TYS,0.14,29
10,Greer,South Carolina,GSP,0.44,68
12,Columbia,South Carolina,CAE,1.32,50
7,Greer,South Carolina,GSP,1.46,82
6,Paducah,Kentucky,PAH,0.04,74
5,West Palm Beach,Florida,PBI,3.71,81
3,Memphis,Tennessee,MEM,10.58,63
1,Covington,Kentucky,CVG,0.79,35
5,Mobile,Alabama,MOB,2.3,75
5,Mobile,Alabama,MOB,0.06,68
2,Savannah,Georgia,SAV,2.99,53
1,Hickory,North Carolina,HKY,0,43
10,Huntsville,Alabama,HSV,0,69
1,Nashville,Tennessee,BNA,0.08,45
7,Alma,Georgia,AMG,0.18,84
11,Alma,Georgia,AMG,0,58
4,Tampa,Florida,TPA,0.68,73
3,Macon,Georgia,MCN,0.36,66
7,Savannah,Georgia,SAV,0.12,86
3,Athens,Georgia,AHN,1.14,50
1,Vero Beach,Florida,VRB,2.32,61
10,West Palm Beach,Florida,PBI,0.8,78
10,Memphis,Tennessee,MEM,0.02,74
1,Nashville,Tennessee,BNA,1.22,50
1,Jackson,Kentucky,JKL,0,37
2,Covington,Kentucky,CVG,1.73,38
8,Charlotte,North Carolina,CLT,0.39,81
11,Gainesville,Florida,GNV,0.02,71
3,Mobile,Alabama,MOB,4.44,67
7,Augusta,Georgia,AGS,0.02,83
1,Montgomery,Alabama,MGM,0,45
12,Lexington,Kentucky,LEX,0.08,40
10,Tampa,Florida,TPA,0,75
2,Bristol/Jhnsn Cty/Kngsprt,Tennessee,TRI,1.58,43
6,Vero Beach,Florida,VRB,0.22,81
1,Jacksonville,Florida,JAX,0.21,60
10,Augusta,Georgia,AGS,0,68
4,Memphis,Tennessee,MEM,1.7,62
1,Charlotte,North Carolina,CLT,0.05,44
6,Lexington,Kentucky,LEX,0.07,71
1,Tampa,Florida,TPA,1.19,63
12,Miami,Florida,MIA,0.16,78
9,Jackson,Kentucky,JKL,0.17,76
1,Nashville,Tennessee,BNA,0,39
9,Columbia,South Carolina,CAE,4.57,78
2,Greensboro,North Carolina,GSO,1.46,46
8,Savannah,Georgia,SAV,0.17,85
11,Wilmington,North Carolina,ILM,0,50
11,Key West,Florida,EYW,0.03,75
1,Charleston,South Carolina,CHS,0.55,53
3,Crossville,Tennessee,CSV,0.79,54
3,Cape Hatteras,North Carolina,HSE,1.04,60
9,West Palm Beach,Florida,PBI,1.07,83
2,Gainesville,Florida,GNV,0.39,59
4,Fort Lauderdale,Florida,FLL,0,80
10,Tampa,Florida,TPA,0.63,81
6,Greensboro,North Carolina,GSO,1.1,78
9,Birmingham,Alabama,BHM,0,82
12,Miami,Florida,MIA,0.04,78
9,Montgomery,Alabama,MGM,2.24,83
12,Memphis,Tennessee,MEM,0.49,46
10,Orlando,Florida,MCO,0.16,77
12,Atlanta,Georgia,ATL,0.2,47
6,Memphis,Tennessee,MEM,0.25,80
5,Greensboro,North Carolina,GSO,2.72,61
1,Pensacola,Florida,PNS,2.06,44
5,Greer,South Carolina,GSP,2.88,64
9,Knoxville,Tennessee,TYS,0,78
12,West Palm Beach,Florida,PBI,0.05,75
5,Paducah,Kentucky,PAH,2.5,64
12,Augusta,Georgia,AGS,1.25,53
8,Jacksonville,Florida,JAX,0.36,82
10,Alma,Georgia,AMG,0,67
4,Knoxville,Tennessee,TYS,0.71,50
12,Nashville,Tennessee,BNA,2.39,39
10,Anderson,South Carolina,AND,0,66
4,Louisville,Kentucky,SDF,0.82,60
6,Greensboro,North Carolina,GSO,0.1,76
6,Key West,Florida,EYW,0.6,82
6,Pensacola,Florida,PNS,0.34,82
11,Charleston,South Carolina,CHS,0,56
3,Atlanta,Georgia,ATL,0.01,64
5,Macon,Georgia,MCN,1.63,71
1,Greer,South Carolina,GSP,0.5,40
1,Asheville,North Carolina,AVL,1.56,28
10,Knoxville,Tennessee,TYS,0,66
11,Montgomery,Alabama,MGM,0,61
8,Jackson,Kentucky,JKL,0,77
12,Key West,Florida,EYW,0.13,78
4,Crossville,Tennessee,CSV,0.84,48
3,Athens,Georgia,AHN,0.6,58
7,Alma,Georgia,AMG,0.02,84
5,Columbia,South Carolina,CAE,0.07,74
4,Tampa,Florida,TPA,0.7,71
9,Paducah,Kentucky,PAH,0.14,78
5,Paducah,Kentucky,PAH,1.9,73
1,Orlando,Florida,MCO,0.14,65
6,Tampa,Florida,TPA,1.74,83
5,Bristol/Jhnsn Cty/Kngsprt,Tennessee,TRI,0.93,62
1,Augusta,Georgia,AGS,0.73,44
1,Augusta,Georgia,AGS,0.16,45
3,Pensacola,Florida,PNS,1.62,68
7,Columbia,South Carolina,CAE,0.03,89
10,Fort Lauderdale,Florida,FLL,0.11,79
10,Anderson,South Carolina,AND,0,65
11,Alma,Georgia,AMG,0.02,56
5,West Palm Beach,Florida,PBI,0,81
12,Crossville,Tennessee,CSV,1.97,35
10,Daytona Beach,Florida,DAB,0.01,72
9,Pensacola,Florida,PNS,1.32,83
2,Charlotte,North Carolina,CLT,0.74,49
10,Louisville,Kentucky,SDF,0.65,67
7,Lexington,Kentucky,LEX,0.98,78
11,Fort Lauderdale,Florida,FLL,0,75
1,Macon,Georgia,MCN,0.01,47
5,Mobile,Alabama,MOB,0,75
4,West Palm Beach,Florida,PBI,0.01,73
6,Montgomery,Alabama,MGM,0.36,81
11,Chattanooga,Tennessee,CHA,0,66
8,Athens,Georgia,AHN,0.21,83
4,Macon,Georgia,MCN,0.28,64
2,Charleston,South Carolina,CHS,1.18,55
1,Wilmington,North Carolina,ILM,0.83,51
3,Covington,Kentucky,CVG,1.78,58
1,Tampa,Florida,TPA,2.55,60
8,Clarksville,Tennessee,CKV,0.28,80
3,Gainesville,Florida,GNV,0.87,64
7,Charleston,South Carolina,CHS,0,85
11,Covington,Kentucky,CVG,0.14,47
11,Knoxville,Tennessee,TYS,0,64
1,Jackson,Kentucky,JKL,2.27,19
10,Charlotte,North Carolina,CLT,0,62
4,Clarksville,Tennessee,CKV,0.51,59
10,Jacksonville,Florida,JAX,0,69
7,Nashville,Tennessee,BNA,0.26,81
4,Miami,Florida,MIA,0.03,76
6,Columbia,South Carolina,CAE,0.16,84
2,Cape Hatteras,North Carolina,HSE,0.53,36
8,Knoxville,Tennessee,TYS,1,80
11,Mobile,Alabama,MOB,0.51,62
1,Savannah,Georgia,SAV,0.14,49
3,Covington,Kentucky,CVG,0.59,35
4,Chattanooga,Tennessee,CHA,0.39,61
6,Augusta,Georgia,AGS,0,82
8,Atlanta,Georgia,ATL,0.44,82
6,Key West,Florida,EYW,0.17,85
3,Clarksville,Tennessee,CKV,3.94,61
7,Vero Beach,Florida,VRB,0.01,83
5,Charlotte,North Carolina,CLT,2.59,64
2,Orlando,Florida,MCO,0.52,62
8,Chattanooga,Tennessee,CHA,1.17,82
4,Asheville,North Carolina,AVL,0,53
2,Memphis,Tennessee,MEM,0.11,39
5,Tallahassee,Florida,TLH,0,76
1,Vero Beach,Florida,VRB,4,62
3,Daytona Beach,Florida,DAB,0.01,63
12,Paducah,Kentucky,PAH,2.61,34
9,Gainesville,Florida,GNV,1.99,81
2,Lexington,Kentucky,LEX,0.52,23
2,Clarksville,Tennessee,CKV,0.27,28
2,Paducah,Kentucky,PAH,1.49,43
10,Key West,Florida,EYW,0.27,85
11,Tampa,Florida,TPA,0,68
6,Macon,Georgia,MCN,0.49,79
12,Tallahassee,Florida,TLH,2.87,56
7,Tampa,Florida,TPA,1.87,84
10,Covington,Kentucky,CVG,0,58
1,Charleston,South Carolina,CHS,0,48
2,Alma,Georgia,AMG,0.04,46
4,Orlando,Florida,MCO,0.08,70
8,Miami,Florida,MIA,7.69,83
4,Fort Lauderdale,Florida,FLL,0,77
1,Mobile,Alabama,MOB,2.53,47
1,Jacksonville,Florida,JAX,0.21,53
7,Tampa,Florida,TPA,1.06,84
12,Jackson,Kentucky,JKL,1.03,39
6,Raleigh/Durham,North Carolina,RDU,0.55,75
6,Pensacola,Florida,PNS,1.09,83
4,Athens,Georgia,AHN,0.04,67
4,Jacksonville,Florida,JAX,0.58,68
12,Montgomery,Alabama,MGM,0.59,52
3,Greensboro,North Carolina,GSO,0.22,59
10,Pensacola,Florida,PNS,0,73
4,Greensboro,North Carolina,GSO,0.38,50
4,Orlando,Florida,MCO,0.41,73
12,Gainesville,Florida,GNV,0.11,60
12,Memphis,Tennessee,MEM,1.88,40
10,Vero Beach,Florida,VRB,3.68,80
1,Tallahassee,Florida,TLH,1.69,51
8,Mobile,Alabama,MOB,2.38,81
6,Covington,Kentucky,CVG,0.62,70
3,Macon,Georgia,MCN,0.01,65
5,Key West,Florida,EYW,1.64,81
4,Bristol/Jhnsn Cty/Kngsprt,Tennessee,TRI,0.56,62
1,Paducah,Kentucky,PAH,0,36
3,Raleigh/Durham,North Carolina,RDU,0.89,65
3,Covington,Kentucky,CVG,1.41,51
12,Montgomery,Alabama,MGM,0,53
3,Gainesville,Florida,GNV,0.15,58
11,Raleigh/Durham,North Carolina,RDU,0.06,48
1,Charlotte,North Carolina,CLT,0,43
9,Hickory,North Carolina,HKY,0,76
2,Jacksonville,Florida,JAX,0.89,58
1,Paducah,Kentucky,PAH,1.61,45
8,Lexington,Kentucky,LEX,0,78
9,Louisville,Kentucky,SDF,0.21,77
3,Pensacola,Florida,PNS,3.69,62
7,Memphis,Tennessee,MEM,2.88,84
1,Anderson,South Carolina,AND,0.35,50
2,Savannah,Georgia,SAV,0.1,56
3,Lexington,Kentucky,LEX,1.49,61
12,Raleigh/Durham,North Carolina,RDU,0.97,41
3,Key West,Florida,EYW,0.11,75
6,Mobile,Alabama,MOB,4.03,78
11,Charleston,South Carolina,CHS,0.11,55
10,Raleigh/Durham,North Carolina,RDU,0,61
9,Clarksville,Tennessee,CKV,0,76
10,Gainesville,Florida,GNV,0,70
6,Paducah,Kentucky,PAH,0.13,84
7,Knoxville,Tennessee,TYS,3.71,80
3,Athens,Georgia,AHN,0.12,65
1,Mobile,Alabama,MOB,0.13,49
5,Athens,Georgia,AHN,0.04,75
6,Savannah,Georgia,SAV,1.76,83
12,Covington,Kentucky,CVG,2.36,28
7,Asheville,North Carolina,AVL,0.27,77
11,Jackson,Kentucky,JKL,0.11,50
8,Mobile,Alabama,MOB,0.3,83
1,Memphis,Tennessee,MEM,0.84,51
4,Charleston,South Carolina,CHS,0.55,67
8,Asheville,North Carolina,AVL,2.25,77
4,Charleston,South Carolina,CHS,0.17,60
10,Birmingham,Alabama,BHM,0,70
10,Jacksonville,Florida,JAX,1.13,71
11,Orlando,Florida,MCO,0.02,73
1,Chattanooga,Tennessee,CHA,0.83,44
5,Lexington,Kentucky,LEX,1.86,56
3,Paducah,Kentucky,PAH,0.93,53
7,Greer,South Carolina,GSP,1.42,81
10,Raleigh/Durham,North Carolina,RDU,6.96,67
3,Nashville,Tennessee,BNA,0.01,57
9,Asheville,North Carolina,AVL,0.03,73
6,Chattanooga,Tennessee,CHA,0,77
1,Miami,Florida,MIA,0,74
7,Montgomery,Alabama,MGM,1.35,85
2,Daytona Beach,Florida,DAB,2.85,62
3,Birmingham,Alabama,BHM,1.86,49
3,Jackson,Kentucky,JKL,0.86,38
5,Vero Beach,Florida,VRB,1.61,79
8,Fort Lauderdale,Florida,FLL,0.55,85
2,Jackson,Kentucky,JKL,0.76,43
5,Mobile,Alabama,MOB,0.07,74
12,Vero Beach,Florida,VRB,0.19,73
7,Athens,Georgia,AHN,0.18,84
5,Anderson,South Carolina,AND,0.15,74
3,Tampa,Florida,TPA,0.37,74
12,Cape Hatteras,North Carolina,HSE,0.12,54
9,Key West,Florida,EYW,3.1,83
4,Atlanta,Georgia,ATL,0.68,61
4,Clarksville,Tennessee,CKV,0,52
3,Greer,South Carolina,GSP,0.7,62
8,Columbia,South Carolina,CAE,0.74,85
10,Mobile,Alabama,MOB,0,71
11,Bristol/Jhnsn Cty/Kngsprt,Tennessee,TRI,0.01,48
5,Charlotte,North Carolina,CLT,0.43,73
9,Orlando,Florida,MCO,3.23,81
3,Gainesville,Florida,GNV,1.23,72
9,Daytona Beach,Florida,DAB,0.24,81
1,Columbia,South Carolina,CAE,0.71,37
4,Alma,Georgia,AMG,0.9,62
11,Fort Lauderdale,Florida,FLL,0.44,77
6,Wilmington,North Carolina,ILM,0.35,80
1,Pensacola,Florida,PNS,0.12,48
4,Asheville,North Carolina,AVL,0.41,47
5,Clarksville,Tennessee,CKV,1.55,72
10,Savannah,Georgia,SAV,0,75
2,Tampa,Florida,TPA,1.3,64
10,Tallahassee,Florida,TLH,0.11,73
7,Greensboro,North Carolina,GSO,2.65,79
7,Memphis,Tennessee,MEM,0,86
5,Memphis,Tennessee,MEM,0.02,74
7,Lexington,Kentucky,LEX,2.05,79
5,Raleigh/Durham,North Carolina,RDU,1.89,65
7,Crossville,Tennessee,CSV,1.97,76
3,Anderson,South Carolina,AND,0.02,62
6,Knoxville,Tennessee,TYS,0,74
5,Cape Hatteras,North Carolina,HSE,0.78,73
3,Anderson,South Carolina,AND,0.35,57
1,Asheville,North Carolina,AVL,0,39
8,Augusta,Georgia,AGS,0.11,84
12,Atlanta,Georgia,ATL,0,51
3,Nashville,Tennessee,BNA,0.92,55
2,Pensacola,Florida,PNS,2.44,57
10,Vero Beach,Florida,VRB,0.06,80
10,Charleston,South Carolina,CHS,0,68
6,Knoxville,Tennessee,TYS,0.65,80
7,Bristol/Jhnsn Cty/Kngsprt,Tennessee,TRI,0,80
2,Fort Lauderdale,Florida,FLL,0.14,69
9,Chattanooga,Tennessee,CHA,0.95,80
5,Savannah,Georgia,SAV,1.69,73
6,Macon,Georgia,MCN,0.05,82
7,Nashville,Tennessee,BNA,4.7,82
8,Crossville,Tennessee,CSV,2.32,75
10,Orlando,Florida,MCO,0,74
1,Paducah,Kentucky,PAH,2.13,36
10,Bristol/Jhnsn Cty/Kngsprt,Tennessee,TRI,0,63
5,Memphis,Tennessee,MEM,0.9,70
10,Covington,Kentucky,CVG,0,66
6,Crossville,Tennessee,CSV,0.89,74
7,Atlanta,Georgia,ATL,1.61,83
7,Daytona Beach,Florida,DAB,0,84
6,Columbia,South Carolina,CAE,0,85
4,Athens,Georgia,AHN,0.25,61
8,Atlanta,Georgia,ATL,1.29,83
3,Mobile,Alabama,MOB,4.04,61
1,Savannah,Georgia,SAV,0.15,57
1,Pensacola,Florida,PNS,0.69,51
6,Bristol/Jhnsn Cty/Kngsprt,Tennessee,TRI,0.32,75
7,Vero Beach,Florida,VRB,0,84
9,Birmingham,Alabama,BHM,0.39,82
11,Cape Hatteras,North Carolina,HSE,0.18,56
7,Tallahassee,Florida,TLH,2.29,84
1,Cape Hatteras,North Carolina,HSE,0.62,57
2,Miami,Florida,MIA,0,62
6,West Palm Beach,Florida,PBI,0.85,82
1,West Palm Beach,Florida,PBI,1.56,59
1,Athens,Georgia,AHN,1.1,42
5,Covington,Kentucky,CVG,0.7,57
2,Clarksville,Tennessee,CKV,0.88,47
10,Tallahassee,Florida,TLH,0,72
5,Greensboro,North Carolina,GSO,4.31,63
8,Louisville,Kentucky,SDF,3.71,79
9,Anderson,South Carolina,AND,0.04,79
11,Tallahassee,Florida,TLH,0,57
1,Clarksville,Tennessee,CKV,1.78,46
10,Daytona Beach,Florida,DAB,0.34,79
10,Wilmington,North Carolina,ILM,0.09,74
7,Alma,Georgia,AMG,0.57,85
1,Key West,Florida,EYW,0.5,79
1,Daytona Beach,Florida,DAB,0.05,63
1,Mobile,Alabama,MOB,0.16,46
6,Columbia,South Carolina,CAE,1.99,80
6,Daytona Beach,Florida,DAB,0.72,83
10,West Palm Beach,Florida,PBI,2.77,82
7,Anderson,South Carolina,AND,0.34,85
6,Greensboro,North Carolina,GSO,0.44,78
10,Macon,Georgia,MCN,0,66
9,Asheville,North Carolina,AVL,0.01,72
7,Jackson,Kentucky,JKL,2.04,78
1,West Palm Beach,Florida,PBI,5.53,66
7,Gainesville,Florida,GNV,0.86,83
2,Jacksonville,Florida,JAX,0.31,58
9,Fort Lauderdale,Florida,FLL,1.24,83
8,Birmingham,Alabama,BHM,0.49,82
12,Anderson,South Carolina,AND,0.82,47
10,Birmingham,Alabama,BHM,0,70
3,Lexington,Kentucky,LEX,0.56,52
7,Chattanooga,Tennessee,CHA,0.07,83
8,Knoxville,Tennessee,TYS,0.45,82
4,Alma,Georgia,AMG,2.21,67
12,Fort Lauderdale,Florida,FLL,2.1,76
5,Anderson,South Carolina,AND,0.09,67
4,Knoxville,Tennessee,TYS,0.49,67
9,Nashville,Tennessee,BNA,0.31,80
9,Greer,South Carolina,GSP,0.69,74
1,Orlando,Florida,MCO,2.22,58
7,Fort Lauderdale,Florida,FLL,0,86
8,Bristol/Jhnsn Cty/Kngsprt,Tennessee,TRI,3.18,77
6,Pensacola,Florida,PNS,3.36,79
9,Charlotte,North Carolina,CLT,0,79
4,Alma,Georgia,AMG,0.06,66
2,Bristol/Jhnsn Cty/Kngsprt,Tennessee,TRI,1.27,43
5,Covington,Kentucky,CVG,0.09,70
11,Key West,Florida,EYW,0,77
7,Louisville,Kentucky,SDF,1.53,82
4,Raleigh/Durham,North Carolina,RDU,0.26,63
2,Miami,Florida,MIA,1.44,71
4,Macon,Georgia,MCN,0.35,58
7,Mobile,Alabama,MOB,2.49,83
11,Vero Beach,Florida,VRB,0.02,65
12,Montgomery,Alabama,MGM,1.59,57
8,Tallahassee,Florida,TLH,0.64,86
12,Athens,Georgia,AHN,1.03,42
10,Fort Lauderdale,Florida,FLL,0.32,81
5,Montgomery,Alabama,MGM,0.16,73
9,Clarksville,Tennessee,CKV,0,72
4,Lexington,Kentucky,LEX,0.62,56
7,Jacksonville,Florida,JAX,0,83
9,Greensboro,North Carolina,GSO,0.09,74
7,Jackson,Kentucky,JKL,0.06,80
4,Key West,Florida,EYW,0.03,78
2,Charleston,South Carolina,CHS,0.08,41
11,Jackson,Kentucky,JKL,0.03,63
8,Nashville,Tennessee,BNA,0.87,82
12,Covington,Kentucky,CVG,0.11,38
9,Birmingham,Alabama,BHM,0.28,81
8,Clarksville,Tennessee,CKV,2.63,81
5,Atlanta,Georgia,ATL,0,75
4,Athens,Georgia,AHN,0.39,55
2,Vero Beach,Florida,VRB,0,55
12,Huntsville,Alabama,HSV,1.25,46
5,Lexington,Kentucky,LEX,0.89,71
9,Greer,South Carolina,GSP,0,79
12,Crossville,Tennessee,CSV,2.05,38
10,Alma,Georgia,AMG,0,68
4,Paducah,Kentucky,PAH,0.45,60
6,Asheville,North Carolina,AVL,1.01,74
9,Paducah,Kentucky,PAH,0.52,76
3,Knoxville,Tennessee,TYS,0.39,43
11,Bristol/Jhnsn Cty/Kngsprt,Tennessee,TRI,0.09,46
7,Louisville,Kentucky,SDF,1.15,79
9,Tampa,Florida,TPA,0.02,84
4,Daytona Beach,Florida,DAB,0.07,73
12,Greer,South Carolina,GSP,0.6,41
3,Knoxville,Tennessee,TYS,0.52,55
10,Vero Beach,Florida,VRB,0.02,76
12,Knoxville,Tennessee,TYS,1.32,42
6,Anderson,South Carolina,AND,0,82
6,Louisville,Kentucky,SDF,0.49,76
6,Alma,Georgia,AMG,0.55,82
10,Cape Hatteras,North Carolina,HSE,0,67
7,Louisville,Kentucky,SDF,0.82,81
6,Lexington,Kentucky,LEX,1.81,79
7,Montgomery,Alabama,MGM,0,86
5,Crossville,Tennessee,CSV,1.01,59
8,Wilmington,North Carolina,ILM,1.53,83
8,Savannah,Georgia,SAV,0.07,83
10,Vero Beach,Florida,VRB,0,76
9,Atlanta,Georgia,ATL,0.71,79
10,Memphis,Tennessee,MEM,1.16,70
2,Augusta,Georgia,AGS,0,40
8,Charleston,South Carolina,CHS,1.76,84
7,Jacksonville,Florida,JAX,0,86
1,Savannah,Georgia,SAV,0.65,42
1,Birmingham,Alabama,BHM,0.34,42
2,Mobile,Alabama,MOB,0,50
2,Cape Hatteras,North Carolina,HSE,5.75,54
6,Atlanta,Georgia,ATL,1.21,81
9,Fort Lauderdale,Florida,FLL,0.4,84
1,Athens,Georgia,AHN,0.13,47
1,Asheville,North Carolina,AVL,0.19,45
12,Chattanooga,Tennessee,CHA,1.42,44
2,Louisville,Kentucky,SDF,0.69,44
12,Orlando,Florida,MCO,0.19,71
1,Tallahassee,Florida,TLH,0.08,54
3,Savannah,Georgia,SAV,0.18,70
3,Memphis,Tennessee,MEM,1.08,52
4,Vero Beach,Florida,VRB,1.43,72
12,Savannah,Georgia,SAV,3.34,54
3,Charlotte,North Carolina,CLT,0.06,47
1,Huntsville,Alabama,HSV,2.38,33
6,Athens,Georgia,AHN,0.12,78
2,Hickory,North Carolina,HKY,1.84,46
12,Charlotte,North Carolina,CLT,1.04,41
7,Tampa,Florida,TPA,3.11,84
9,Cape Hatteras,North Carolina,HSE,0,80
12,Savannah,Georgia,SAV,0.12,55
10,Greensboro,North Carolina,GSO,0,69
6,Greer,South Carolina,GSP,0.12,76
12,Greensboro,North Carolina,GSO,0.08,43
4,Mobile,Alabama,MOB,1.39,66
4,Hickory,North Carolina,HKY,0.58,49
10,Birmingham,Alabama,BHM,0,74
11,Louisville,Kentucky,SDF,0.09,63
11,Paducah,Kentucky,PAH,0,62
7,Lexington,Kentucky,LEX,1.56,77
11,Macon,Georgia,MCN,0,56
1,Huntsville,Alabama,HSV,0.16,39
7,Chattanooga,Tennessee,CHA,0,82
2,Atlanta,Georgia,ATL,3.65,51
8,Anderson,South Carolina,AND,0.15,80
7,Raleigh/Durham,North Carolina,RDU,0.29,85
4,Paducah,Kentucky,PAH,0,52
4,Charlotte,North Carolina,CLT,0.27,62
2,Orlando,Florida,MCO,0.5,63
12,Bristol/Jhnsn Cty/Kngsprt,Tennessee,TRI,0.59,39
3,Greer,South Carolina,GSP,0.4,64
4,Louisville,Kentucky,SDF,0.14,48
3,West Palm Beach,Florida,PBI,0.25,73
2,Jacksonville,Florida,JAX,3.62,58
2,Covington,Kentucky,CVG,0.62,20
10,Hickory,North Carolina,HKY,0,65
10,Athens,Georgia,AHN,0,67
1,Pensacola,Florida,PNS,0.58,55
3,Huntsville,Alabama,HSV,1.2,66
2,Knoxville,Tennessee,TYS,1.99,46
7,Clarksville,Tennessee,CKV,0.33,77
12,Nashville,Tennessee,BNA,0.74,39
1,Cape Hatteras,North Carolina,HSE,0.16,50
7,Key West,Florida,EYW,0.28,86
12,Orlando,Florida,MCO,0.78,67
4,Birmingham,Alabama,BHM,1.94,61
4,Louisville,Kentucky,SDF,0,52
2,Crossville,Tennessee,CSV,0.09,26
9,Greer,South Carolina,GSP,0.01,78
11,Gainesville,Florida,GNV,0,60
11,Greensboro,North Carolina,GSO,0.01,50
6,Jacksonville,Florida,JAX,0.16,82
10,Knoxville,Tennessee,TYS,0,68
1,Huntsville,Alabama,HSV,0.6,46
1,Miami,Florida,MIA,2.64,67
8,Anderson,South Carolina,AND,1.47,82
10,Augusta,Georgia,AGS,0,66
6,Montgomery,Alabama,MGM,1.67,81
6,Orlando,Florida,MCO,2.39,81
9,Chattanooga,Tennessee,CHA,0,81
5,Clarksville,Tennessee,CKV,0.06,70
1,Tallahassee,Florida,TLH,1.1,46
3,Charleston,South Carolina,CHS,0,67
2,Athens,Georgia,AHN,0.04,38
10,Charleston,South Carolina,CHS,10.49,73
10,Atlanta,Georgia,ATL,0.13,72
12,Asheville,North Carolina,AVL,0,46
3,Greensboro,North Carolina,GSO,1.28,56
1,Alma,Georgia,AMG,1.17,43
8,Daytona Beach,Florida,DAB,0.04,84
5,Jacksonville,Florida,JAX,0,70
7,Cape Hatteras,North Carolina,HSE,0.03,80
3,Mobile,Alabama,MOB,1.53,66
1,Anderson,South Carolina,AND,0,45
12,Jackson,Kentucky,JKL,2.86,37
11,Memphis,Tennessee,MEM,0,68
7,Lexington,Kentucky,LEX,0,81
12,West Palm Beach,Florida,PBI,0.44,77
3,Key West,Florida,EYW,0,72
8,Pensacola,Florida,PNS,1.76,83
11,Tampa,Florida,TPA,0.01,72
12,Macon,Georgia,MCN,1.26,50
3,Miami,Florida,MIA,0,76
7,Charleston,South Carolina,CHS,0.06,88
5,Alma,Georgia,AMG,0,74
1,Greer,South Carolina,GSP,1.49,41
12,Key West,Florida,EYW,0,78
10,Paducah,Kentucky,PAH,0,65
3,Greer,South Carolina,GSP,0.19,47
11,Augusta,Georgia,AGS,0,53
5,Miami,Florida,MIA,0.05,80
6,Vero Beach,Florida,VRB,0.98,82
2,Augusta,Georgia,AGS,1.02,54
1,Augusta,Georgia,AGS,0,48
3,Mobile,Alabama,MOB,0.11,58
8,Gainesville,Florida,GNV,0.45,84
1,Chattanooga,Tennessee,CHA,0.61,41
3,Savannah,Georgia,SAV,0.03,68
9,Hickory,North Carolina,HKY,0.02,73
6,Savannah,Georgia,SAV,2.59,80
5,Nashville,Tennessee,BNA,0,73
8,Mobile,Alabama,MOB,1.14,82
4,Knoxville,Tennessee,TYS,0.26,60
2,Columbia,South Carolina,CAE,0.78,49
12,Anderson,South Carolina,AND,0,48
12,Covington,Kentucky,CVG,0.4,32
10,Lexington,Kentucky,LEX,0,60
3,Paducah,Kentucky,PAH,0.63,42
2,Wilmington,North Carolina,ILM,0.74,50
9,Athens,Georgia,AHN,0,78
10,Augusta,Georgia,AGS,0,67
7,Athens,Georgia,AHN,0.15,83
4,Wilmington,North Carolina,ILM,0.14,58
7,Louisville,Kentucky,SDF,0.54,84
1,Jacksonville,Florida,JAX,0.05,45
9,Columbia,South Carolina,CAE,0,82
2,Macon,Georgia,MCN,0,41
3,Hickory,North Carolina,HKY,0.15,59
4,Chattanooga,Tennessee,CHA,0.25,67
10,Atlanta,Georgia,ATL,0,68
12,Charleston,South Carolina,CHS,0.06,54
11,West Palm Beach,Florida,PBI,0,71
8,Lexington,Kentucky,LEX,0.2,81
12,Mobile,Alabama,MOB,2.2,56
5,Tallahassee,Florida,TLH,0,79
4,Columbia,South Carolina,CAE,0.68,69
7,Memphis,Tennessee,MEM,2.37,86
11,Bristol/Jhnsn Cty/Kngsprt,Tennessee,TRI,0.03,42
12,Daytona Beach,Florida,DAB,0.62,64
11,Savannah,Georgia,SAV,0,57
3,Paducah,Kentucky,PAH,3.86,61
5,Athens,Georgia,AHN,2.17,67
10,Louisville,Kentucky,SDF,0,67
12,Jacksonville,Florida,JAX,0.06,57
6,Mobile,Alabama,MOB,0.22,81
1,Hickory,North Carolina,HKY,0.66,37
5,Knoxville,Tennessee,TYS,1.42,67
12,Clarksville,Tennessee,CKV,1.86,36
8,Athens,Georgia,AHN,3.67,82
12,Anderson,South Carolina,AND,0.61,43
10,Memphis,Tennessee,MEM,0.03,68
1,Mobile,Alabama,MOB,1.72,62
7,Chattanooga,Tennessee,CHA,0.44,86
8,Alma,Georgia,AMG,1.9,82
7,Gainesville,Florida,GNV,0.01,84
2,Paducah,Kentucky,PAH,0.36,44
12,Knoxville,Tennessee,TYS,0.64,43
9,Tallahassee,Florida,TLH,0.06,83
4,Augusta,Georgia,AGS,0.18,56
9,Gainesville,Florida,GNV,1.06,81
7,Orlando,Florida,MCO,1.45,85
4,Columbia,South Carolina,CAE,0.15,63
10,Raleigh/Durham,North Carolina,RDU,0,66
5,Chattanooga,Tennessee,CHA,0.02,75
8,Tampa,Florida,TPA,2.47,82
9,Gainesville,Florida,GNV,4.84,80
12,Jackson,Kentucky,JKL,0.75,36
4,Crossville,Tennessee,CSV,0,48
8,Fort Lauderdale,Florida,FLL,2.75,83
9,Savannah,Georgia,SAV,0,80
4,Atlanta,Georgia,ATL,0.29,57
5,Alma,Georgia,AMG,2.26,74
10,Columbia,South Carolina,CAE,0,66
1,Louisville,Kentucky,SDF,0.4,39
9,Huntsville,Alabama,HSV,0.31,82
8,Lexington,Kentucky,LEX,3.55,78
10,Fort Lauderdale,Florida,FLL,1.82,82
7,Fort Lauderdale,Florida,FLL,1.03,85
1,Cape Hatteras,North Carolina,HSE,1.47,51
5,Miami,Florida,MIA,1.98,81
1,Tampa,Florida,TPA,0.66,55
7,Macon,Georgia,MCN,0.19,86
1,Alma,Georgia,AMG,0.69,49
12,Charlotte,North Carolina,CLT,0.23,41
2,Hickory,North Carolina,HKY,0.72,42
9,Key West,Florida,EYW,3.18,84
11,Columbia,South Carolina,CAE,0,62
1,Crossville,Tennessee,CSV,1.77,24
1,Atlanta,Georgia,ATL,1.58,42
3,Covington,Kentucky,CVG,0.16,52
2,Tallahassee,Florida,TLH,1.07,58
2,Montgomery,Alabama,MGM,1.45,53
5,Raleigh/Durham,North Carolina,RDU,0.68,69
2,Fort Lauderdale,Florida,FLL,0,61
1,Alma,Georgia,AMG,0.03,57
4,Gainesville,Florida,GNV,0.06,66
3,West Palm Beach,Florida,PBI,0.01,71
3,West Palm Beach,Florida,PBI,0,76
2,Chattanooga,Tennessee,CHA,2.67,49
8,Columbia,South Carolina,CAE,3.19,84
1,Daytona Beach,Florida,DAB,2.39,56
12,Louisville,Kentucky,SDF,1.24,35
1,Anderson,South Carolina,AND,1,42
12,Greer,South Carolina,GSP,0.07,43
1,Fort Lauderdale,Florida,FLL,1.55,67
11,Hickory,North Carolina,HKY,0,62
9,Jackson,Kentucky,JKL,0.77,75
11,Greensboro,North Carolina,GSO,0,61
12,Raleigh/Durham,North Carolina,RDU,0.27,42
6,Louisville,Kentucky,SDF,0.62,75
10,Asheville,North Carolina,AVL,0,59
9,Augusta,Georgia,AGS,0,79
3,Bristol/Jhnsn Cty/Kngsprt,Tennessee,TRI,0.08,60
5,Alma,Georgia,AMG,0.08,79
12,Raleigh/Durham,North Carolina,RDU,0.23,45
1,Atlanta,Georgia,ATL,0.22,49
11,Charlotte,North Carolina,CLT,0.05,50
4,Gainesville,Florida,GNV,0.37,68
9,Charlotte,North Carolina,CLT,1.25,74
4,Knoxville,Tennessee,TYS,0.32,56
6,Chattanooga,Tennessee,CHA,0.15,82
2,Columbia,South Carolina,CAE,0.05,39
1,Columbia,South Carolina,CAE,0.23,52
6,Augusta,Georgia,AGS,0.41,77
5,Bristol/Jhnsn Cty/Kngsprt,Tennessee,TRI,0.31,60
11,Wilmington,North Carolina,ILM,0.61,54
7,Daytona Beach,Florida,DAB,0.18,83
3,Charlotte,North Carolina,CLT,0.29,58
5,Daytona Beach,Florida,DAB,0,77
8,Greensboro,North Carolina,GSO,3.33,79
5,Nashville,Tennessee,BNA,0.2,67
8,West Palm Beach,Florida,PBI,0.79,86
1,Alma,Georgia,AMG,0.66,51
10,Nashville,Tennessee,BNA,0,67
9,Asheville,North Carolina,AVL,0,73
5,Anderson,South Carolina,AND,1.01,71
11,Lexington,Kentucky,LEX,0.13,50
8,Fort Lauderdale,Florida,FLL,0.85,86
5,Hickory,North Carolina,HKY,0.09,69
10,Montgomery,Alabama,MGM,0,70
9,Jackson,Kentucky,JKL,0,70
5,Macon,Georgia,MCN,0,76
1,Paducah,Kentucky,PAH,0.07,44
8,Pensacola,Florida,PNS,0.55,84
1,Hickory,North Carolina,HKY,0.25,46
8,Jacksonville,Florida,JAX,0.71,83
10,Key West,Florida,EYW,0.06,82
5,Huntsville,Alabama,HSV,0,75
7,Hickory,North Carolina,HKY,1.38,82
8,Clarksville,Tennessee,CKV,0.49,78
4,Augusta,Georgia,AGS,0.03,66
11,Charlotte,North Carolina,CLT,0,52
7,Jacksonville,Florida,JAX,1.08,82
8,Anderson,South Carolina,AND,0.43,83
4,Huntsville,Alabama,HSV,1.37,62
7,Birmingham,Alabama,BHM,0,84
4,Tallahassee,Florida,TLH,2.03,68
8,Tallahassee,Florida,TLH,2.36,83
12,Alma,Georgia,AMG,0.75,55
3,Fort Lauderdale,Florida,FLL,0,73
12,Crossville,Tennessee,CSV,1.18,38
8,Greer,South Carolina,GSP,2.28,80
1,Gainesville,Florida,GNV,0.16,56
6,Crossville,Tennessee,CSV,1.01,74
9,Augusta,Georgia,AGS,0.01,78
4,Chattanooga,Tennessee,CHA,0.04,59
8,Chattanooga,Tennessee,CHA,0.09,84
10,Cape Hatteras,North Carolina,HSE,0,68
3,Montgomery,Alabama,MGM,0.52,61
12,Clarksville,Tennessee,CKV,0.12,40
6,Raleigh/Durham,North Carolina,RDU,1.37,79
10,Pensacola,Florida,PNS,0,74
2,Covington,Kentucky,CVG,1.59,41
3,Raleigh/Durham,North Carolina,RDU,0.25,47
1,Atlanta,Georgia,ATL,0,42
5,Greensboro,North Carolina,GSO,1.13,68
3,Louisville,Kentucky,SDF,2.21,61
7,Clarksville,Tennessee,CKV,0.41,82
5,Bristol/Jhnsn Cty/Kngsprt,Tennessee,TRI,0.39,68
2,Augusta,Georgia,AGS,0.6,51
5,Key West,Florida,EYW,0.22,82
7,Mobile,Alabama,MOB,1.34,82
2,Asheville,North Carolina,AVL,0,27
12,Gainesville,Florida,GNV,1.53,61
7,Tampa,Florida,TPA,0.3,85
5,Columbia,South Carolina,CAE,0.84,69
9,Pensacola,Florida,PNS,0.09,82
6,Daytona Beach,Florida,DAB,0.27,80
12,Tampa,Florida,TPA,0.04,72
10,Tallahassee,Florida,TLH,0,71
7,Gainesville,Florida,GNV,0,84
12,Mobile,Alabama,MOB,3.19,59
12,Tallahassee,Florida,TLH,0.03,59
5,Birmingham,Alabama,BHM,0.14,70
12,Chattanooga,Tennessee,CHA,1.3,43
8,Mobile,Alabama,MOB,0.77,83
8,Covington,Kentucky,CVG,0.43,78
12,Chattanooga,Tennessee,CHA,0.02,47
7,Hickory,North Carolina,HKY,1.32,79
10,Cape Hatteras,North Carolina,HSE,0.02,63
3,Key West,Florida,EYW,0.16,74
11,Cape Hatteras,North Carolina,HSE,0.05,51
4,Vero Beach,Florida,VRB,0.14,73
7,Pensacola,Florida,PNS,0.25,85
10,Atlanta,Georgia,ATL,0,69
4,Nashville,Tennessee,BNA,0.27,52
6,Gainesville,Florida,GNV,6.72,81
11,Vero Beach,Florida,VRB,0.32,75
11,Miami,Florida,MIA,0.22,73
5,Greer,South Carolina,GSP,1.57,72
6,Hickory,North Carolina,HKY,0.12,77
7,Vero Beach,Florida,VRB,0.48,83
9,Athens,Georgia,AHN,0.9,79
7,Montgomery,Alabama,MGM,1.9,83
6,Fort Lauderdale,Florida,FLL,2.87,83
10,Chattanooga,Tennessee,CHA,0,67
7,Vero Beach,Florida,VRB,0,83
12,Crossville,Tennessee,CSV,0.78,41
1,Macon,Georgia,MCN,0.25,48
1,Cape Hatteras,North Carolina,HSE,1.56,38
7,Jackson,Kentucky,JKL,0.17,77
11,Greensboro,North Carolina,GSO,0,52
5,Vero Beach,Florida,VRB,15.19,80
1,Asheville,North Carolina,AVL,0.04,38
2,Montgomery,Alabama,MGM,2.58,56
3,Bristol/Jhnsn Cty/Kngsprt,Tennessee,TRI,0.38,40
3,Charlotte,North Carolina,CLT,0.22,61
3,Asheville,North Carolina,AVL,0.24,41
3,Wilmington,North Carolina,ILM,0.01,66
9,Atlanta,Georgia,ATL,2.66,78
5,Paducah,Kentucky,PAH,0,71
12,Clarksville,Tennessee,CKV,0.53,39
4,Vero Beach,Florida,VRB,0,68
5,Covington,Kentucky,CVG,0.42,55
4,Savannah,Georgia,SAV,0.72,68
5,Key West,Florida,EYW,0,81
3,Vero Beach,Florida,VRB,1.02,69
1,Chattanooga,Tennessee,CHA,0,40
11,Atlanta,Georgia,ATL,0,68
3,Wilmington,North Carolina,ILM,0.78,65
6,Jackson,Kentucky,JKL,1.69,77
1,Tampa,Florida,TPA,0.02,68
9,Crossville,Tennessee,CSV,0.2,73
2,Key West,Florida,EYW,0,65
6,Paducah,Kentucky,PAH,0.28,81
2,Tallahassee,Florida,TLH,2.76,54
11,Knoxville,Tennessee,TYS,0,52
4,Crossville,Tennessee,CSV,0,59
5,Orlando,Florida,MCO,0,79
8,Hickory,North Carolina,HKY,0,78
3,Knoxville,Tennessee,TYS,1.13,63
1,Jacksonville,Florida,JAX,0.49,56
5,Birmingham,Alabama,BHM,0.35,70
4,Jackson,Kentucky,JKL,0.16,61
9,Daytona Beach,Florida,DAB,3.04,81
11,Chattanooga,Tennessee,CHA,0.05,48
11,Columbia,South Carolina,CAE,0,55
12,Charleston,South Carolina,CHS,4.06,53
7,Daytona Beach,Florida,DAB,0.08,83
5,Nashville,Tennessee,BNA,0.46,62
2,Atlanta,Georgia,ATL,0,39
4,Tallahassee,Florida,TLH,0.03,65
4,Tallahassee,Florida,TLH,3.85,67
3,Montgomery,Alabama,MGM,0.94,67
7,Birmingham,Alabama,BHM,0.49,84
5,Greensboro,North Carolina,GSO,0.18,70
4,Vero Beach,Florida,VRB,0.03,75
1,Augusta,Georgia,AGS,0.04,53
10,Charleston,South Carolina,CHS,0,76
2,Charlotte,North Carolina,CLT,0.96,45
1,Covington,Kentucky,CVG,0.32,29
10,Mobile,Alabama,MOB,0,75
6,Pensacola,Florida,PNS,0.33,83
1,Lexington,Kentucky,LEX,0.47,36
2,Paducah,Kentucky,PAH,0.54,27
6,Nashville,Tennessee,BNA,0.39,81
5,Pensacola,Florida,PNS,0.08,77
1,Columbia,South Carolina,CAE,0.81,44
12,Vero Beach,Florida,VRB,1.2,70
9,Mobile,Alabama,MOB,1.68,81
1,Louisville,Kentucky,SDF,0.04,44
8,Augusta,Georgia,AGS,0,82
1,Miami,Florida,MIA,1.97,67
1,Key West,Florida,EYW,0.46,72
10,Atlanta,Georgia,ATL,0,69
2,Clarksville,Tennessee,CKV,1.56,44
5,Fort Lauderdale,Florida,FLL,1.86,76
3,Chattanooga,Tennessee,CHA,0.99,57
9,Raleigh/Durham,North Carolina,RDU,0,79
7,Columbia,South Carolina,CAE,0.05,87
4,Cape Hatteras,North Carolina,HSE,0.16,56
1,Jacksonville,Florida,JAX,0.42,54
12,Savannah,Georgia,SAV,0.49,59
10,Knoxville,Tennessee,TYS,0,65
9,Key West,Florida,EYW,0.79,84
5,Fort Lauderdale,Florida,FLL,1.73,81
6,Athens,Georgia,AHN,0.69,81
10,West Palm Beach,Florida,PBI,0.25,81
8,Greer,South Carolina,GSP,0.04,80
5,Orlando,Florida,MCO,0.35,79
12,Knoxville,Tennessee,TYS,1.27,41
2,Key West,Florida,EYW,2.84,73
7,Athens,Georgia,AHN,1.25,85
6,Anderson,South Carolina,AND,0,77
4,Savannah,Georgia,SAV,1.36,68
10,Atlanta,Georgia,ATL,0.03,68
11,Louisville,Kentucky,SDF,0.32,44
5,Bristol/Jhnsn Cty/Kngsprt,Tennessee,TRI,0.3,69
5,Mobile,Alabama,MOB,0.05,74
5,Tampa,Florida,TPA,0.97,80
7,Crossville,Tennessee,CSV,0.59,79
1,Jacksonville,Florida,JAX,1.66,49
8,Columbia,South Carolina,CAE,0,83
1,Wilmington,North Carolina,ILM,0.34,47
5,Paducah,Kentucky,PAH,0.86,60
1,Columbia,South Carolina,CAE,0.15,48
11,Orlando,Florida,MCO,0,65
10,Louisville,Kentucky,SDF,0,62
3,Pensacola,Florida,PNS,2.19,67
8,Huntsville,Alabama,HSV,0.73,83
12,Hickory,North Carolina,HKY,0.77,39
1,Macon,Georgia,MCN,0.42,55
6,Nashville,Tennessee,BNA,2.01,83
7,Greensboro,North Carolina,GSO,0,82
8,Asheville,North Carolina,AVL,0.07,75
12,Nashville,Tennessee,BNA,0.42,43
2,Athens,Georgia,AHN,0.51,48
8,Charlotte,North Carolina,CLT,0.44,84
5,West Palm Beach,Florida,PBI,0,78
5,Miami,Florida,MIA,0,81
11,Lexington,Kentucky,LEX,0.13,41
12,West Palm Beach,Florida,PBI,1.87,74
6,Augusta,Georgia,AGS,0.26,81
8,Charleston,South Carolina,CHS,0.38,82
4,Augusta,Georgia,AGS,0.23,61
12,Jacksonville,Florida,JAX,1.93,60
1,Lexington,Kentucky,LEX,0,35
9,Nashville,Tennessee,BNA,1.33,78
7,Greensboro,North Carolina,GSO,1.54,77
5,Crossville,Tennessee,CSV,0.01,73
1,West Palm Beach,Florida,PBI,0.24,74
4,Anderson,South Carolina,AND,0.51,61
5,Charlotte,North Carolina,CLT,0.23,70
5,Clarksville,Tennessee,CKV,0.63,59
1,Raleigh/Durham,North Carolina,RDU,0.27,40
2,Cape Hatteras,North Carolina,HSE,1.28,54
12,Fort Lauderdale,Florida,FLL,0.02,77
4,Savannah,Georgia,SAV,0.09,62
8,Montgomery,Alabama,MGM,0.2,85
9,Knoxville,Tennessee,TYS,0.35,79
6,Atlanta,Georgia,ATL,1.05,80
11,Jackson,Kentucky,JKL,0.26,52
1,Chattanooga,Tennessee,CHA,1.95,30
6,Columbia,South Carolina,CAE,0.19,82
7,Cape Hatteras,North Carolina,HSE,0.68,81
11,Huntsville,Alabama,HSV,0,57
9,Cape Hatteras,North Carolina,HSE,6.19,77
7,Pensacola,Florida,PNS,1.43,86
6,Tallahassee,Florida,TLH,0.23,84
9,Orlando,Florida,MCO,1.47,83
11,Anderson,South Carolina,AND,0,50
2,Jackson,Kentucky,JKL,1.86,44
11,Orlando,Florida,MCO,0,65
9,Montgomery,Alabama,MGM,0,83
5,Nashville,Tennessee,BNA,1.42,63
10,Crossville,Tennessee,CSV,0,61
2,Birmingham,Alabama,BHM,3.05,51
9,Athens,Georgia,AHN,0.18,75
1,Columbia,South Carolina,CAE,0,49
6,Wilmington,North Carolina,ILM,1.75,77
10,Chattanooga,Tennessee,CHA,0,67
7,Atlanta,Georgia,ATL,0.03,82
8,West Palm Beach,Florida,PBI,0.56,84
3,Jackson,Kentucky,JKL,0.19,56
1,Key West,Florida,EYW,1.18,69
6,Memphis,Tennessee,MEM,0,80
1,Cape Hatteras,North Carolina,HSE,0.35,48
11,Bristol/Jhnsn Cty/Kngsprt,Tennessee,TRI,0.06,58
2,Nashville,Tennessee,BNA,0.28,31
2,Vero Beach,Florida,VRB,1.49,65
8,Cape Hatteras,North Carolina,HSE,2.42,81
1,West Palm Beach,Florida,PBI,1.58,66
10,Hickory,North Carolina,HKY,0,66
10,Anderson,South Carolina,AND,0,67
1,Memphis,Tennessee,MEM,1.42,41
6,Vero Beach,Florida,VRB,2.01,83
1,Raleigh/Durham,North Carolina,RDU,0.5,41
3,Tampa,Florida,TPA,0,65
1,Daytona Beach,Florida,DAB,0.75,63
4,Athens,Georgia,AHN,1.3,61
2,Mobile,Alabama,MOB,1.48,59
5,Macon,Georgia,MCN,0,72
12,Raleigh/Durham,North Carolina,RDU,0.32,47
10,Bristol/Jhnsn Cty/Kngsprt,Tennessee,TRI,0.47,61
9,Cape Hatteras,North Carolina,HSE,2.38,78
6,Montgomery,Alabama,MGM,0,82
7,Covington,Kentucky,CVG,2.49,80
12,Greensboro,North Carolina,GSO,0.25,41
3,Greer,South Carolina,GSP,0.4,57
1,Atlanta,Georgia,ATL,0.8,52
2,Knoxville,Tennessee,TYS,3.09,47
7,Charleston,South Carolina,CHS,2.66,84
5,Jackson,Kentucky,JKL,0.64,71
11,Daytona Beach,Florida,DAB,0,67
3,Louisville,Kentucky,SDF,1.33,54
8,Tampa,Florida,TPA,1.16,85
1,Jackson,Kentucky,JKL,1.39,44
9,Jacksonville,Florida,JAX,0.33,80
1,Alma,Georgia,AMG,0.2,52
12,Wilmington,North Carolina,ILM,0.33,52
6,Huntsville,Alabama,HSV,1.58,84
8,Augusta,Georgia,AGS,1.65,83
10,Nashville,Tennessee,BNA,0.07,67
11,Birmingham,Alabama,BHM,0,51
1,Birmingham,Alabama,BHM,0.52,44
10,Daytona Beach,Florida,DAB,7.36,79
3,Raleigh/Durham,North Carolina,RDU,0.83,58
3,Chattanooga,Tennessee,CHA,0.25,60
10,Wilmington,North Carolina,ILM,0,63
2,Pensacola,Florida,PNS,0.68,60
1,Crossville,Tennessee,CSV,0,34
6,Cape Hatteras,North Carolina,HSE,3.06,75
7,Nashville,Tennessee,BNA,1.31,83
8,Covington,Kentucky,CVG,0.1,81
7,Knoxville,Tennessee,TYS,0,84
1,Jackson,Kentucky,JKL,0.83,38
1,Knoxville,Tennessee,TYS,0.32,38
4,Pensacola,Florida,PNS,2.28,67
4,Tallahassee,Florida,TLH,0.58,69
2,Cape Hatteras,North Carolina,HSE,0.68,49
11,Macon,Georgia,MCN,0,56
2,Huntsville,Alabama,HSV,2.27,48
1,Charleston,South Carolina,CHS,1.02,40
10,Louisville,Kentucky,SDF,0,70
4,Covington,Kentucky,CVG,0.04,47
9,Alma,Georgia,AMG,4.1,78
8,Chattanooga,Tennessee,CHA,0.05,84
6,Charleston,South Carolina,CHS,0,83
1,Paducah,Kentucky,PAH,0.3,24
7,Jackson,Kentucky,JKL,4.08,76
11,Lexington,Kentucky,LEX,0.06,60
3,Atlanta,Georgia,ATL,1.64,50
11,Huntsville,Alabama,HSV,0.01,68
3,Charleston,South Carolina,CHS,0.76,55
11,Wilmington,North Carolina,ILM,1.16,51
1,Clarksville,Tennessee,CKV,0.75,24
9,Macon,Georgia,MCN,0.39,78
11,Miami,Florida,MIA,0.66,76
5,Chattanooga,Tennessee,CHA,0.27,68
7,Miami,Florida,MIA,1.38,84
7,Athens,Georgia,AHN,0.02,83
3,Columbia,South Carolina,CAE,0.22,66
12,Memphis,Tennessee,MEM,1.94,41
10,Hickory,North Carolina,HKY,0,60
9,Knoxville,Tennessee,TYS,0,77
4,Wilmington,North Carolina,ILM,0.87,66
10,Columbia,South Carolina,CAE,0,69
12,Chattanooga,Tennessee,CHA,1.47,42
8,Louisville,Kentucky,SDF,1.27,81
5,Montgomery,Alabama,MGM,0.12,67
7,Paducah,Kentucky,PAH,5.67,80
4,Clarksville,Tennessee,CKV,0.67,63
9,Fort Lauderdale,Florida,FLL,0,84
2,Greer,South Carolina,GSP,0.57,45
10,Charleston,South Carolina,CHS,0,69
9,Mobile,Alabama,MOB,0.82,80
2,West Palm Beach,Florida,PBI,1.17,66
10,Knoxville,Tennessee,TYS,0.04,64
3,Bristol/Jhnsn Cty/Kngsprt,Tennessee,TRI,0.29,54
7,Asheville,North Carolina,AVL,0.43,76
7,Anderson,South Carolina,AND,0.44,84
7,Savannah,Georgia,SAV,0,87
9,Tampa,Florida,TPA,2.94,81
11,Athens,Georgia,AHN,0,53
4,Gainesville,Florida,GNV,0.37,68
7,Pensacola,Florida,PNS,3.86,82
10,Key West,Florida,EYW,1.39,78
4,Louisville,Kentucky,SDF,0.58,68
7,Cape Hatteras,North Carolina,HSE,0.79,81
8,Memphis,Tennessee,MEM,3.8,80
1,Lexington,Kentucky,LEX,0.12,31
1,Miami,Florida,MIA,1.13,76
5,Macon,Georgia,MCN,0.33,68
2,Charlotte,North Carolina,CLT,0.01,32
11,Paducah,Kentucky,PAH,0.05,51
11,Athens,Georgia,AHN,0,65
1,Daytona Beach,Florida,DAB,0.06,64
12,Louisville,Kentucky,SDF,0.63,36
4,Clarksville,Tennessee,CKV,0.3,50
9,Wilmington,North Carolina,ILM,5.29,76
12,Hickory,North Carolina,HKY,0.19,40
7,Raleigh/Durham,North Carolina,RDU,3.14,78
1,Huntsville,Alabama,HSV,0.43,43
11,Pensacola,Florida,PNS,0,73
9,Bristol/Jhnsn Cty/Kngsprt,Tennessee,TRI,0,74
4,Birmingham,Alabama,BHM,0.28,66
11,Jacksonville,Florida,JAX,0,63
8,Asheville,North Carolina,AVL,2,77
5,Alma,Georgia,AMG,1,68
4,Montgomery,Alabama,MGM,0.58,68
8,Macon,Georgia,MCN,0.04,83
9,Raleigh/Durham,North Carolina,RDU,1.58,74
8,Tampa,Florida,TPA,2.31,83
9,Macon,Georgia,MCN,0.91,80
8,Raleigh/Durham,North Carolina,RDU,0.38,84
5,Chattanooga,Tennessee,CHA,0.54,70
3,Cape Hatteras,North Carolina,HSE,0.01,62
11,Asheville,North Carolina,AVL,0,47
8,Huntsville,Alabama,HSV,0.97,83
6,Atlanta,Georgia,ATL,0.16,80
12,Birmingham,Alabama,BHM,0.47,47
10,Tampa,Florida,TPA,0.72,82
3,Columbia,South Carolina,CAE,0.08,66
8,Tampa,Florida,TPA,1.02,86
4,Jackson,Kentucky,JKL,0,52
6,Charleston,South Carolina,CHS,2.21,81
8,Cape Hatteras,North Carolina,HSE,1.32,83
8,Huntsville,Alabama,HSV,1.57,82
10,Birmingham,Alabama,BHM,0,69
11,Raleigh/Durham,North Carolina,RDU,0.06,49
5,Greer,South Carolina,GSP,0.1,70
5,Charleston,South Carolina,CHS,0.05,75
11,Vero Beach,Florida,VRB,0.01,65
7,Crossville,Tennessee,CSV,0.69,77
10,Chattanooga,Tennessee,CHA,0,67
10,Charlotte,North Carolina,CLT,2.78,67
11,Atlanta,Georgia,ATL,0,57
9,Anderson,South Carolina,AND,0.03,75
5,Hickory,North Carolina,HKY,1.28,62
12,Athens,Georgia,AHN,0.05,49
5,Jacksonville,Florida,JAX,0,79
10,Anderson,South Carolina,AND,0,64
3,Daytona Beach,Florida,DAB,0.64,67
8,Vero Beach,Florida,VRB,4.39,83
10,Athens,Georgia,AHN,0,67
5,Knoxville,Tennessee,TYS,0.51,65
1,Pensacola,Florida,PNS,0.49,50
7,Wilmington,North Carolina,ILM,1.63,82
5,Key West,Florida,EYW,0,80
4,Greer,South Carolina,GSP,0.57,61
11,Louisville,Kentucky,SDF,0.2,53
11,West Palm Beach,Florida,PBI,0,73
7,Greensboro,North Carolina,GSO,0.77,85
2,Daytona Beach,Florida,DAB,0.58,61
10,Paducah,Kentucky,PAH,0.03,63
4,Cape Hatteras,North Carolina,HSE,0.93,63
5,Jackson,Kentucky,JKL,1.12,57
3,Wilmington,North Carolina,ILM,0.78,62
12,Montgomery,Alabama,MGM,1.31,49
12,Birmingham,Alabama,BHM,0.48,50
3,Orlando,Florida,MCO,0,71
9,Greensboro,North Carolina,GSO,0,79
4,Hickory,North Carolina,HKY,0.18,65
7,Birmingham,Alabama,BHM,1.34,83
3,Miami,Florida,MIA,0.19,79
7,Bristol/Jhnsn Cty/Kngsprt,Tennessee,TRI,0.16,78
3,Memphis,Tennessee,MEM,0.11,59
12,Jacksonville,Florida,JAX,0,58
1,Key West,Florida,EYW,0.35,69
4,Alma,Georgia,AMG,0.14,61
10,Macon,Georgia,MCN,0.2,74
4,Charlotte,North Carolina,CLT,0.34,66
11,Crossville,Tennessee,CSV,0,49
1,Daytona Beach,Florida,DAB,2.93,58
5,Gainesville,Florida,GNV,1.24,70
2,Birmingham,Alabama,BHM,1.24,55
3,Huntsville,Alabama,HSV,0.7,47
12,Gainesville,Florida,GNV,0.99,61
5,Macon,Georgia,MCN,0,73
1,Chattanooga,Tennessee,CHA,0.28,38
2,Tampa,Florida,TPA,0.01,57
2,Alma,Georgia,AMG,0.57,56
3,Huntsville,Alabama,HSV,0.14,56
3,Wilmington,North Carolina,ILM,1.16,50
10,Chattanooga,Tennessee,CHA,0.08,67
10,Greer,South Carolina,GSP,0,67
1,Memphis,Tennessee,MEM,0,40
3,Athens,Georgia,AHN,0,64
10,Charlotte,North Carolina,CLT,0,65
5,Cape Hatteras,North Carolina,HSE,1.01,70
9,Atlanta,Georgia,ATL,0,80
5,Birmingham,Alabama,BHM,0.01,76
7,Greer,South Carolina,GSP,0.25,84
6,West Palm Beach,Florida,PBI,1.01,83
11,Anderson,South Carolina,AND,0,52
6,Huntsville,Alabama,HSV,0.23,82
1,Charlotte,North Carolina,CLT,0.42,40
2,Memphis,Tennessee,MEM,1.74,48
10,Bristol/Jhnsn Cty/Kngsprt,Tennessee,TRI,0.02,58
3,Crossville,Tennessee,CSV,0.57,41
7,Macon,Georgia,MCN,1.11,84
8,Montgomery,Alabama,MGM,0.9,84
12,West Palm Beach,Florida,PBI,1.08,75
10,Macon,Georgia,MCN,0,68
3,Hickory,North Carolina,HKY,0.3,56
12,Alma,Georgia,AMG,0.17,60
9,Savannah,Georgia,SAV,0.01,80
5,Montgomery,Alabama,MGM,0,77
2,Jackson,Kentucky,JKL,3.04,44
5,Raleigh/Durham,North Carolina,RDU,0.18,68
2,Charlotte,North Carolina,CLT,2.79,48
3,Clarksville,Tennessee,CKV,0.53,41
2,Crossville,Tennessee,CSV,2.87,43
2,Lexington,Kentucky,LEX,1.38,42
9,Pensacola,Florida,PNS,1.9,82
3,Tallahassee,Florida,TLH,0.02,68
2,Huntsville,Alabama,HSV,2.56,51
9,Charlotte,North Carolina,CLT,0,77
12,Asheville,North Carolina,AVL,1.11,43
11,Paducah,Kentucky,PAH,0.6,44
3,Jacksonville,Florida,JAX,0.31,72
4,Cape Hatteras,North Carolina,HSE,0.63,63
10,Cape Hatteras,North Carolina,HSE,4.51,75
7,West Palm Beach,Florida,PBI,0.09,86
1,Knoxville,Tennessee,TYS,1.45,46
6,Lexington,Kentucky,LEX,0.31,76
3,Hickory,North Carolina,HKY,0.24,43
9,Lexington,Kentucky,LEX,0,76
4,Greensboro,North Carolina,GSO,0.42,66
1,Mobile,Alabama,MOB,2.24,48
1,Atlanta,Georgia,ATL,2.7,35
1,Montgomery,Alabama,MGM,1.48,45
1,Gainesville,Florida,GNV,0.23,55
1,Wilmington,North Carolina,ILM,0.21,48
3,Alma,Georgia,AMG,0.5,54
9,Macon,Georgia,MCN,0.88,78
11,Key West,Florida,EYW,0,74
4,Bristol/Jhnsn Cty/Kngsprt,Tennessee,TRI,0.37,56
4,Miami,Florida,MIA,0.04,81
10,Gainesville,Florida,GNV,0,78
5,Huntsville,Alabama,HSV,1.04,70
4,Fort Lauderdale,Florida,FLL,0.13,74
5,Louisville,Kentucky,SDF,1.51,59
7,Macon,Georgia,MCN,0.39,84
10,Savannah,Georgia,SAV,0,69
4,West Palm Beach,Florida,PBI,0,77
4,Montgomery,Alabama,MGM,0.76,63
5,Lexington,Kentucky,LEX,2.85,62
11,Mobile,Alabama,MOB,0,70
9,Memphis,Tennessee,MEM,0,82
7,Clarksville,Tennessee,CKV,1.52,79
3,Jacksonville,Florida,JAX,1.2,64
4,Huntsville,Alabama,HSV,0.04,67
7,Huntsville,Alabama,HSV,1.74,82
4,Wilmington,North Carolina,ILM,0.49,55
5,Savannah,Georgia,SAV,0,76
7,Savannah,Georgia,SAV,0,85
2,Daytona Beach,Florida,DAB,0.23,61
9,Alma,Georgia,AMG,0,79
10,Tallahassee,Florida,TLH,0.05,79
1,Charleston,South Carolina,CHS,0.14,51
5,Tampa,Florida,TPA,2.79,74
1,Montgomery,Alabama,MGM,0.11,47
8,Montgomery,Alabama,MGM,0.26,84
2,Hickory,North Carolina,HKY,2.08,46
7,Wilmington,North Carolina,ILM,0.6,81
10,Gainesville,Florida,GNV,0,70
5,Lexington,Kentucky,LEX,0.55,58
12,Macon,Georgia,MCN,0.92,51
5,Wilmington,North Carolina,ILM,0.17,72
9,Gainesville,Florida,GNV,0,78
3,Louisville,Kentucky,SDF,0.24,57
12,Charleston,South Carolina,CHS,0.11,54
1,Charlotte,North Carolina,CLT,0.84,31
11,Covington,Kentucky,CVG,0.19,48
7,Paducah,Kentucky,PAH,0.01,84
9,Memphis,Tennessee,MEM,0.58,83
5,Birmingham,Alabama,BHM,0.22,70
1,Macon,Georgia,MCN,1.1,39
8,Nashville,Tennessee,BNA,2.15,80
8,Vero Beach,Florida,VRB,0.04,84
7,Macon,Georgia,MCN,0,86
5,Covington,Kentucky,CVG,0.29,70
6,Tampa,Florida,TPA,7.9,81
10,Asheville,North Carolina,AVL,0.51,62
5,Fort Lauderdale,Florida,FLL,0.13,79
5,Memphis,Tennessee,MEM,2.54,76
7,Huntsville,Alabama,HSV,0.6,83
4,Huntsville,Alabama,HSV,0.41,56
5,Greensboro,North Carolina,GSO,0.33,68
1,Clarksville,Tennessee,CKV,0,37
4,Paducah,Kentucky,PAH,0.39,64
9,Nashville,Tennessee,BNA,0,77
12,Jacksonville,Florida,JAX,0.09,64
3,Daytona Beach,Florida,DAB,0.08,69
10,Nashville,Tennessee,BNA,0.36,66
10,Savannah,Georgia,SAV,0.09,69
11,Atlanta,Georgia,ATL,0,54
5,West Palm Beach,Florida,PBI,0.76,74
5,Knoxville,Tennessee,TYS,0.56,63
1,Anderson,South Carolina,AND,0.34,42
12,Charleston,South Carolina,CHS,0.18,57
2,Nashville,Tennessee,BNA,1.79,50
6,Orlando,Florida,MCO,1.29,83
11,Jacksonville,Florida,JAX,0,58
7,Alma,Georgia,AMG,0.07,85
11,Augusta,Georgia,AGS,0,55
6,Fort Lauderdale,Florida,FLL,0.55,83
5,Daytona Beach,Florida,DAB,0,75
3,Asheville,North Carolina,AVL,0.59,59
5,Raleigh/Durham,North Carolina,RDU,0.96,62
11,Savannah,Georgia,SAV,0.06,57
2,Fort Lauderdale,Florida,FLL,1.6,71
10,Athens,Georgia,AHN,0.02,65
3,Fort Lauderdale,Florida,FLL,0.95,76
12,Atlanta,Georgia,ATL,0.89,49
1,Athens,Georgia,AHN,0.47,42
6,Charleston,South Carolina,CHS,0.04,83
12,Daytona Beach,Florida,DAB,0,65
4,Montgomery,Alabama,MGM,0.46,63
3,Tampa,Florida,TPA,0.19,73
10,Wilmington,North Carolina,ILM,6.6,72
7,Covington,Kentucky,CVG,0.53,76
5,Gainesville,Florida,GNV,0,80
3,Charleston,South Carolina,CHS,0.09,69
8,Knoxville,Tennessee,TYS,0.1,80
4,Huntsville,Alabama,HSV,0,57
5,Miami,Florida,MIA,4.06,77
1,Gainesville,Florida,GNV,0.62,56
10,Lexington,Kentucky,LEX,0.14,64
12,Lexington,Kentucky,LEX,0.92,36
9,Memphis,Tennessee,MEM,0,80
10,Charlotte,North Carolina,CLT,0,61
7,Raleigh/Durham,North Carolina,RDU,3.93,81
11,Chattanooga,Tennessee,CHA,0,55
12,Greer,South Carolina,GSP,0.83,47
3,Atlanta,Georgia,ATL,0.38,59
10,Alma,Georgia,AMG,3.22,74
8,Charleston,South Carolina,CHS,1.47,84
12,Asheville,North Carolina,AVL,0.27,38
6,Bristol/Jhnsn Cty/Kngsprt,Tennessee,TRI,0.39,76
4,Columbia,South Carolina,CAE,0.47,57
8,Savannah,Georgia,SAV,2.42,84
11,Tallahassee,Florida,TLH,0,60
10,Fort Lauderdale,Florida,FLL,0.93,81
1,Clarksville,Tennessee,CKV,0.12,43
3,Fort Lauderdale,Florida,FLL,0.05,74
3,Jackson,Kentucky,JKL,0.46,55
12,Lexington,Kentucky,LEX,2.35,34
5,Orlando,Florida,MCO,0,77
6,Tallahassee,Florida,TLH,0.46,82
6,Jacksonville,Florida,JAX,0.54,79
7,Wilmington,North Carolina,ILM,1.98,81
10,Gainesville,Florida,GNV,0.16,73
11,Key West,Florida,EYW,0,79
9,West Palm Beach,Florida,PBI,0.99,84
11,Charlotte,North Carolina,CLT,0,60
10,Tallahassee,Florida,TLH,0,70
11,Birmingham,Alabama,BHM,0.01,56
6,Bristol/Jhnsn Cty/Kngsprt,Tennessee,TRI,0,70
7,Jacksonville,Florida,JAX,0.56,84
7,Orlando,Florida,MCO,1.43,84
8,Pensacola,Florida,PNS,5.04,81
1,Bristol/Jhnsn Cty/Kngsprt,Tennessee,TRI,0.46,35
1,Augusta,Georgia,AGS,0.49,37
12,Columbia,South Carolina,CAE,1.24,46
11,Nashville,Tennessee,BNA,0.13,55
3,Tallahassee,Florida,TLH,0.6,57
8,Orlando,Florida,MCO,3.23,84
9,Atlanta,Georgia,ATL,0,80
10,Jackson,Kentucky,JKL,0.02,65
9,Jackson,Kentucky,JKL,0,75
12,Memphis,Tennessee,MEM,2.18,45
11,Hickory,North Carolina,HKY,0.01,51
5,Anderson,South Carolina,AND,3.85,65
9,Bristol/Jhnsn Cty/Kngsprt,Tennessee,TRI,0.61,70
6,Tampa,Florida,TPA,1.01,84
4,Lexington,Kentucky,LEX,0.26,64
8,Gainesville,Florida,GNV,1.58,81
7,West Palm Beach,Florida,PBI,1.09,85
10,Columbia,South Carolina,CAE,4.45,72
6,Clarksville,Tennessee,CKV,0.58,80
5,Augusta,Georgia,AGS,1.85,69
9,Covington,Kentucky,CVG,0.21,73
8,Covington,Kentucky,CVG,4.55,76
5,Augusta,Georgia,AGS,1.16,68
12,Louisville,Kentucky,SDF,2.71,33
2,Asheville,North Carolina,AVL,2.42,44
2,Anderson,South Carolina,AND,1.52,49
2,Anderson,South Carolina,AND,0.54,46
3,Charleston,South Carolina,CHS,2.32,63
3,Macon,Georgia,MCN,1.32,52
9,Macon,Georgia,MCN,0,80
5,Chattanooga,Tennessee,CHA,0.6,65
10,Athens,Georgia,AHN,0,66
9,Montgomery,Alabama,MGM,0,82
10,Miami,Florida,MIA,3.79,82
6,Tampa,Florida,TPA,0.59,84
6,Daytona Beach,Florida,DAB,2.12,81
5,Jacksonville,Florida,JAX,2.12,76
8,Athens,Georgia,AHN,5.84,83
8,Bristol/Jhnsn Cty/Kngsprt,Tennessee,TRI,0.01,81
9,Vero Beach,Florida,VRB,1.27,83
11,Cape Hatteras,North Carolina,HSE,0.81,55
2,Birmingham,Alabama,BHM,3.17,52
5,Wilmington,North Carolina,ILM,2.37,68
5,Asheville,North Carolina,AVL,0.33,68
3,Paducah,Kentucky,PAH,0.93,53
6,Cape Hatteras,North Carolina,HSE,0.15,78
6,Memphis,Tennessee,MEM,0,87
11,Vero Beach,Florida,VRB,0,69
3,Vero Beach,Florida,VRB,0,74
11,Montgomery,Alabama,MGM,0,69
12,Hickory,North Carolina,HKY,0.13,44
12,Greensboro,North Carolina,GSO,0.37,45
7,Vero Beach,Florida,VRB,0.12,83
6,Miami,Florida,MIA,3.25,83
7,Paducah,Kentucky,PAH,0.73,75
11,Greer,South Carolina,GSP,0,53
8,Vero Beach,Florida,VRB,4.7,82
12,Miami,Florida,MIA,0.27,78
1,Savannah,Georgia,SAV,0.41,56
2,Pensacola,Florida,PNS,1.59,56
6,Jacksonville,Florida,JAX,2.05,79
4,Charleston,South Carolina,CHS,0.16,69
1,Louisville,Kentucky,SDF,0.42,22
1,Louisville,Kentucky,SDF,0,38
12,Athens,Georgia,AHN,0.84,48
3,Chattanooga,Tennessee,CHA,0.49,47
10,Miami,Florida,MIA,3.61,71
4,Columbia,South Carolina,CAE,1.5,65
4,Crossville,Tennessee,CSV,0.83,67
12,Nashville,Tennessee,BNA,2.17,44
9,Bristol/Jhnsn Cty/Kngsprt,Tennessee,TRI,1.29,75
10,Mobile,Alabama,MOB,0,70
1,Knoxville,Tennessee,TYS,0.44,35
7,Charleston,South Carolina,CHS,1.38,86
3,Vero Beach,Florida,VRB,0,68
10,Nashville,Tennessee,BNA,0,66
3,Birmingham,Alabama,BHM,1.26,68
3,Huntsville,Alabama,HSV,0.6,59
8,Clarksville,Tennessee,CKV,2.49,77
5,Chattanooga,Tennessee,CHA,0,73
1,Crossville,Tennessee,CSV,0.94,37
8,Macon,Georgia,MCN,0.81,84
5,Wilmington,North Carolina,ILM,0.8,73
5,Huntsville,Alabama,HSV,0.08,71
1,Charlotte,North Carolina,CLT,1.08,49
2,Paducah,Kentucky,PAH,0.52,48
5,Charlotte,North Carolina,CLT,1.7,66
4,Daytona Beach,Florida,DAB,0,68
4,Birmingham,Alabama,BHM,0.28,58
2,Greer,South Carolina,GSP,2.49,48
10,Orlando,Florida,MCO,0,81
1,Crossville,Tennessee,CSV,0.67,42
1,Birmingham,Alabama,BHM,1.55,36
7,Tallahassee,Florida,TLH,1.25,86
5,Savannah,Georgia,SAV,0,78
5,Crossville,Tennessee,CSV,0.18,63
6,Tallahassee,Florida,TLH,4.11,83
7,Charleston,South Carolina,CHS,0.28,87
4,Asheville,North Carolina,AVL,0.31,61
8,Paducah,Kentucky,PAH,2.24,77
9,Huntsville,Alabama,HSV,0.16,81
6,Macon,Georgia,MCN,0.68,81
10,Lexington,Kentucky,LEX,0,67
10,Huntsville,Alabama,HSV,0,68
6,Athens,Georgia,AHN,0,83
10,Mobile,Alabama,MOB,0,72
10,Augusta,Georgia,AGS,0,68
2,Lexington,Kentucky,LEX,0.85,43
12,Cape Hatteras,North Carolina,HSE,1.88,51
7,West Palm Beach,Florida,PBI,0,87
3,Tallahassee,Florida,TLH,1.44,71
11,Savannah,Georgia,SAV,0,68
11,West Palm Beach,Florida,PBI,0,70
9,Augusta,Georgia,AGS,4.24,76
2,Tallahassee,Florida,TLH,0.62,56
6,West Palm Beach,Florida,PBI,2.57,82
9,Columbia,South Carolina,CAE,0.35,78
11,Cape Hatteras,North Carolina,HSE,0.09,64
6,Savannah,Georgia,SAV,0,82
7,Tallahassee,Florida,TLH,0.67,85
10,Alma,Georgia,AMG,0.01,69
8,West Palm Beach,Florida,PBI,1.33,85
7,Wilmington,North Carolina,ILM,0.39,85
11,Greer,South Carolina,GSP,0,64
5,Nashville,Tennessee,BNA,0.29,74
5,Tallahassee,Florida,TLH,1.6,77
7,Miami,Florida,MIA,1.09,84
5,Cape Hatteras,North Carolina,HSE,0,66
7,Orlando,Florida,MCO,0.83,83
6,Clarksville,Tennessee,CKV,1.15,75
4,Greer,South Carolina,GSP,0.08,59
7,Columbia,South Carolina,CAE,0.23,85
8,Daytona Beach,Florida,DAB,0.16,84
5,Clarksville,Tennessee,CKV,1.43,64
5,Charleston,South Carolina,CHS,0.87,73
7,Nashville,Tennessee,BNA,0.01,80
3,Jacksonville,Florida,JAX,0.16,58
10,Greensboro,North Carolina,GSO,3.91,66
5,Crossville,Tennessee,CSV,0.48,61
11,Alma,Georgia,AMG,0,66
6,Raleigh/Durham,North Carolina,RDU,1.84,77
6,Wilmington,North Carolina,ILM,2.28,78
11,Fort Lauderdale,Florida,FLL,0.42,73
11,West Palm Beach,Florida,PBI,0.97,76
7,Fort Lauderdale,Florida,FLL,0.3,84
10,Jacksonville,Florida,JAX,0,69
12,Anderson,South Carolina,AND,0.26,44
4,Greer,South Carolina,GSP,0.33,66
2,Macon,Georgia,MCN,0.45,54
8,Memphis,Tennessee,MEM,1.41,84
9,Charleston,South Carolina,CHS,0.06,81
1,Augusta,Georgia,AGS,0.28,48
12,Charlotte,North Carolina,CLT,0.01,47
9,Montgomery,Alabama,MGM,0,84
7,Charlotte,North Carolina,CLT,0.38,83
6,Charlotte,North Carolina,CLT,0.12,79
1,Knoxville,Tennessee,TYS,0.71,42
8,Birmingham,Alabama,BHM,0.49,85
2,Orlando,Florida,MCO,0.67,64
6,Key West,Florida,EYW,0,85
11,Covington,Kentucky,CVG,0.21,39
5,Athens,Georgia,AHN,0,73
9,Vero Beach,Florida,VRB,0.48,82
4,Mobile,Alabama,MOB,0,64
3,Vero Beach,Florida,VRB,0.53,74
11,Clarksville,Tennessee,CKV,0.12,44
8,Orlando,Florida,MCO,1.68,84
9,Covington,Kentucky,CVG,0,71
10,Nashville,Tennessee,BNA,0,70
11,Nashville,Tennessee,BNA,0.01,47
10,Memphis,Tennessee,MEM,0.01,70
9,Hickory,North Carolina,HKY,0,76
7,Hickory,North Carolina,HKY,1.87,79
8,Cape Hatteras,North Carolina,HSE,0.09,85
8,Raleigh/Durham,North Carolina,RDU,1.91,81
2,Augusta,Georgia,AGS,2.14,53
4,Jacksonville,Florida,JAX,0.04,65
9,Crossville,Tennessee,CSV,0.01,72
10,Miami,Florida,MIA,0.27,82
10,Columbia,South Carolina,CAE,0,66
8,Nashville,Tennessee,BNA,1.87,79
3,Bristol/Jhnsn Cty/Kngsprt,Tennessee,TRI,0.15,52
10,West Palm Beach,Florida,PBI,0.15,78
3,Tampa,Florida,TPA,0.79,69
8,Memphis,Tennessee,MEM,0.32,86
12,Macon,Georgia,MCN,1.24,54
8,Greensboro,North Carolina,GSO,0.4,79
6,Vero Beach,Florida,VRB,0.28,81
3,Hickory,North Carolina,HKY,0.1,62
12,Asheville,North Carolina,AVL,0.74,38
7,Augusta,Georgia,AGS,0.88,83
9,West Palm Beach,Florida,PBI,3.41,82
2,Savannah,Georgia,SAV,0.11,58
5,Miami,Florida,MIA,2.18,82
7,Savannah,Georgia,SAV,1.03,85
5,Charleston,South Carolina,CHS,0.03,78
5,Raleigh/Durham,North Carolina,RDU,1.97,71
9,Charleston,South Carolina,CHS,6.59,79
10,Savannah,Georgia,SAV,0,69
5,Charlotte,North Carolina,CLT,0.18,70
12,Tampa,Florida,TPA,0.37,67
6,Clarksville,Tennessee,CKV,1.73,82
9,Alma,Georgia,AMG,0.16,80
4,Paducah,Kentucky,PAH,0.27,52
10,Crossville,Tennessee,CSV,0,63
2,Atlanta,Georgia,ATL,2.13,51
11,Asheville,North Carolina,AVL,0,59
1,Cape Hatteras,North Carolina,HSE,1.33,47
1,Bristol/Jhnsn Cty/Kngsprt,Tennessee,TRI,0.67,37
8,Macon,Georgia,MCN,0.24,82
2,Macon,Georgia,MCN,2.21,52
12,Wilmington,North Carolina,ILM,1.77,51
1,Nashville,Tennessee,BNA,1.42,26
10,Knoxville,Tennessee,TYS,0.14,66
5,Daytona Beach,Florida,DAB,0,76
3,Crossville,Tennessee,CSV,0.4,62
5,Daytona Beach,Florida,DAB,0.55,71
10,Paducah,Kentucky,PAH,0.1,65
10,Vero Beach,Florida,VRB,0.39,80
2,Montgomery,Alabama,MGM,1.38,57
11,Atlanta,Georgia,ATL,0,56
4,Montgomery,Alabama,MGM,3.51,64
1,Tallahassee,Florida,TLH,0.92,54
11,Fort Lauderdale,Florida,FLL,0.05,73
7,Raleigh/Durham,North Carolina,RDU,0.75,81
2,Vero Beach,Florida,VRB,0.81,63
1,Greensboro,North Carolina,GSO,0,41
5,Orlando,Florida,MCO,2.64,72
6,Alma,Georgia,AMG,2.05,79
12,Savannah,Georgia,SAV,0.19,55
5,Augusta,Georgia,AGS,0.01,71
5,Montgomery,Alabama,MGM,0.45,74
11,Gainesville,Florida,GNV,0,65
1,Greer,South Carolina,GSP,1.51,32
7,Montgomery,Alabama,MGM,1.82,85
9,West Palm Beach,Florida,PBI,0.81,84
4,Bristol/Jhnsn Cty/Kngsprt,Tennessee,TRI,0.59,55
1,Macon,Georgia,MCN,0.9,45
1,Asheville,North Carolina,AVL,1.21,34
6,Crossville,Tennessee,CSV,0,69
10,Macon,Georgia,MCN,0,67
4,Pensacola,Florida,PNS,2.86,64
3,Birmingham,Alabama,BHM,1.65,57
5,Hickory,North Carolina,HKY,2.1,64
9,Tallahassee,Florida,TLH,0.08,81
7,Miami,Florida,MIA,1.31,83
1,Atlanta,Georgia,ATL,0.64,43
8,Key West,Florida,EYW,2.56,85
6,Mobile,Alabama,MOB,0.02,81
10,Pensacola,Florida,PNS,0,79
5,Alma,Georgia,AMG,0,73
8,Vero Beach,Florida,VRB,1.34,84
7,Asheville,North Carolina,AVL,1.69,77
12,Birmingham,Alabama,BHM,0,50
7,Greer,South Carolina,GSP,1.97,83
5,Memphis,Tennessee,MEM,0.3,64
8,Greer,South Carolina,GSP,1.66,81
3,Jackson,Kentucky,JKL,0.14,62
10,Jackson,Kentucky,JKL,0,60
2,Miami,Florida,MIA,0.7,71
5,Crossville,Tennessee,CSV,0.16,69
6,Nashville,Tennessee,BNA,1.51,78
1,Tallahassee,Florida,TLH,0.16,60
3,West Palm Beach,Florida,PBI,0.16,77
1,Montgomery,Alabama,MGM,0.89,52
7,Knoxville,Tennessee,TYS,0.07,80
8,Greer,South Carolina,GSP,0.3,81
2,Pensacola,Florida,PNS,0,52
1,Athens,Georgia,AHN,1.98,35
1,Crossville,Tennessee,CSV,1.09,43
4,Mobile,Alabama,MOB,0.07,69
9,Tallahassee,Florida,TLH,1.14,83
5,Athens,Georgia,AHN,0.12,66
7,Gainesville,Florida,GNV,0.59,81
12,Charlotte,North Carolina,CLT,0.55,46
10,Clarksville,Tennessee,CKV,0,68
6,Huntsville,Alabama,HSV,0.03,77
12,Key West,Florida,EYW,0.01,78
12,Fort Lauderdale,Florida,FLL,0.67,76
7,Savannah,Georgia,SAV,0.06,87
1,Tampa,Florida,TPA,0.18,66
10,Miami,Florida,MIA,0.68,79
7,Columbia,South Carolina,CAE,1.23,86
1,Athens,Georgia,AHN,0.32,51
3,Lexington,Kentucky,LEX,0.51,37
9,Greer,South Carolina,GSP,0.03,78
11,Pensacola,Florida,PNS,0,60
8,Tallahassee,Florida,TLH,2.95,84
6,Covington,Kentucky,CVG,0.37,75
7,Crossville,Tennessee,CSV,1.35,75
2,Wilmington,North Carolina,ILM,0.07,37
8,Columbia,South Carolina,CAE,0.55,85
8,Birmingham,Alabama,BHM,0.16,83
7,Cape Hatteras,North Carolina,HSE,0.19,83
11,Nashville,Tennessee,BNA,0.01,54
10,Jackson,Kentucky,JKL,0.17,63
5,Greer,South Carolina,GSP,0.22,66
1,Chattanooga,Tennessee,CHA,0.84,47
12,Columbia,South Carolina,CAE,0.24,51
3,Nashville,Tennessee,BNA,0.84,45
8,Pensacola,Florida,PNS,4.69,83
12,Orlando,Florida,MCO,1.49,69
8,Paducah,Kentucky,PAH,0.79,79
2,Key West,Florida,EYW,0.22,71
11,Raleigh/Durham,North Carolina,RDU,0.08,59
5,Covington,Kentucky,CVG,1.3,60
4,Memphis,Tennessee,MEM,0,56
5,Tallahassee,Florida,TLH,0.03,70
12,Huntsville,Alabama,HSV,1.29,47
3,Cape Hatteras,North Carolina,HSE,2.82,50
9,Memphis,Tennessee,MEM,0.09,83
10,Greensboro,North Carolina,GSO,0,65
2,Crossville,Tennessee,CSV,2.15,44
11,Columbia,South Carolina,CAE,0,52
8,Bristol/Jhnsn Cty/Kngsprt,Tennessee,TRI,0.02,80
3,Memphis,Tennessee,MEM,0.24,56
4,Lexington,Kentucky,LEX,0.01,49
5,Jackson,Kentucky,JKL,1.83,58
4,Nashville,Tennessee,BNA,0.03,62
8,Crossville,Tennessee,CSV,0.43,78
4,Covington,Kentucky,CVG,1.13,55
11,Athens,Georgia,AHN,0.33,54
8,Greensboro,North Carolina,GSO,0.8,82
2,Athens,Georgia,AHN,1.83,51
10,Greer,South Carolina,GSP,0,64
2,Miami,Florida,MIA,0.71,69
10,Jacksonville,Florida,JAX,8.38,75
6,Montgomery,Alabama,MGM,0.39,82
6,Orlando,Florida,MCO,1.87,84
11,Columbia,South Carolina,CAE,0.85,54
9,Wilmington,North Carolina,ILM,1.19,78
2,Anderson,South Carolina,AND,1.57,50
9,Huntsville,Alabama,HSV,0,82
10,Tampa,Florida,TPA,0,75
4,Hickory,North Carolina,HKY,0.34,60
10,Clarksville,Tennessee,CKV,0.17,65
1,Charleston,South Carolina,CHS,0.37,56
8,Chattanooga,Tennessee,CHA,1.07,82
11,Anderson,South Carolina,AND,0,64
2,Louisville,Kentucky,SDF,1.85,46
8,Crossville,Tennessee,CSV,0.94,75
1,Clarksville,Tennessee,CKV,0.35,35
2,Raleigh/Durham,North Carolina,RDU,1.52,47
9,Clarksville,Tennessee,CKV,0.57,76
11,Crossville,Tennessee,CSV,0,61
2,Nashville,Tennessee,BNA,1.24,46
6,Gainesville,Florida,GNV,0,79
6,Athens,Georgia,AHN,0.85,80
10,Greensboro,North Carolina,GSO,0,61
1,Orlando,Florida,MCO,0.06,67
1,Miami,Florida,MIA,0.99,61
1,Jackson,Kentucky,JKL,0.17,32
8,Bristol/Jhnsn Cty/Kngsprt,Tennessee,TRI,0,76
2,Bristol/Jhnsn Cty/Kngsprt,Tennessee,TRI,1.01,44
6,Hickory,North Carolina,HKY,0.2,79
5,Tampa,Florida,TPA,0,80
4,Macon,Georgia,MCN,1.18,60
6,Jacksonville,Florida,JAX,0.26,82
6,Alma,Georgia,AMG,0.24,79
2,Memphis,Tennessee,MEM,1.7,55
2,Macon,Georgia,MCN,0.55,54
8,Lexington,Kentucky,LEX,2.78,76
7,Asheville,North Carolina,AVL,0.68,79
3,Jacksonville,Florida,JAX,0.1,67
3,Gainesville,Florida,GNV,0.1,67
5,Asheville,North Carolina,AVL,0.18,63
10,Greer,South Carolina,GSP,0,64
6,Charlotte,North Carolina,CLT,0,81
7,Huntsville,Alabama,HSV,0.37,85
7,Chattanooga,Tennessee,CHA,0.87,84
6,Anderson,South Carolina,AND,0.07,79
3,Asheville,North Carolina,AVL,0.15,52
12,Paducah,Kentucky,PAH,0.19,40
12,Greensboro,North Carolina,GSO,0.82,39
1,Orlando,Florida,MCO,0.55,63
5,Birmingham,Alabama,BHM,0.67,65
7,Hickory,North Carolina,HKY,0.31,80
10,Fort Lauderdale,Florida,FLL,0.14,78
7,Paducah,Kentucky,PAH,1.29,81
1,Covington,Kentucky,CVG,0.03,39
11,Pensacola,Florida,PNS,0,62
6,Birmingham,Alabama,BHM,0.01,79
1,Raleigh/Durham,North Carolina,RDU,0,44
11,Hickory,North Carolina,HKY,0,52
1,Greer,South Carolina,GSP,0,45
6,Covington,Kentucky,CVG,1.21,77
10,Montgomery,Alabama,MGM,0.12,70
2,Montgomery,Alabama,MGM,0,45
11,Crossville,Tennessee,CSV,0.22,48
1,Daytona Beach,Florida,DAB,0.93,50
10,Paducah,Kentucky,PAH,0,68
7,Birmingham,Alabama,BHM,2.64,81
6,Raleigh/Durham,North Carolina,RDU,0.09,75
2,Clarksville,Tennessee,CKV,1.74,45
11,Savannah,Georgia,SAV,0,58
6,Orlando,Florida,MCO,0.59,82
2,Asheville,North Carolina,AVL,2.16,44
1,Nashville,Tennessee,BNA,0.3,41
9,Greensboro,North Carolina,GSO,0.03,77
6,Jackson,Kentucky,JKL,0.01,75
7,Jacksonville,Florida,JAX,0.5,85
2,Jacksonville,Florida,JAX,0,48
2,Greensboro,North Carolina,GSO,0.1,29
4,Mobile,Alabama,MOB,2.68,61
6,Atlanta,Georgia,ATL,0.28,82
2,Atlanta,Georgia,ATL,1.61,51
4,Miami,Florida,MIA,0.11,74
2,Tampa,Florida,TPA,0.25,65
5,Huntsville,Alabama,HSV,0.41,64
1,Vero Beach,Florida,VRB,0.97,69
1,Jackson,Kentucky,JKL,0.02,40
6,Fort Lauderdale,Florida,FLL,3.39,83
9,Orlando,Florida,MCO,1.2,83
7,Orlando,Florida,MCO,0.27,85
11,Macon,Georgia,MCN,0,54
8,Birmingham,Alabama,BHM,1.38,82
5,Augusta,Georgia,AGS,0,78
8,Gainesville,Florida,GNV,0.17,83
6,Greer,South Carolina,GSP,0,82
12,Cape Hatteras,North Carolina,HSE,1.7,49
1,Greer,South Carolina,GSP,1.19,49
11,Hickory,North Carolina,HKY,0.01,48
3,Greensboro,North Carolina,GSO,0.25,45
8,Atlanta,Georgia,ATL,0.8,82
3,Columbia,South Carolina,CAE,0.67,52
8,Jacksonville,Florida,JAX,0.03,84
10,Clarksville,Tennessee,CKV,0.01,64
11,Miami,Florida,MIA,0.04,73
6,Greer,South Carolina,GSP,0.24,78
1,Lexington,Kentucky,LEX,1.47,43
8,Gainesville,Florida,GNV,0.67,82
6,Miami,Florida,MIA,1.02,83
8,Asheville,North Carolina,AVL,2.33,76
9,Orlando,Florida,MCO,0.03,82
8,Hickory,North Carolina,HKY,0.86,78
9,Jacksonville,Florida,JAX,1.68,79
6,Charleston,South Carolina,CHS,0.55,82
5,Wilmington,North Carolina,ILM,0.81,71
11,Mobile,Alabama,MOB,0,57
5,Louisville,Kentucky,SDF,1.67,65
12,Key West,Florida,EYW,0.43,78
7,Wilmington,North Carolina,ILM,0.11,87
5,Columbia,South Carolina,CAE,0.13,79
5,Louisville,Kentucky,SDF,0.48,74
1,Pensacola,Florida,PNS,0.48,63
8,Athens,Georgia,AHN,0.38,81
9,Daytona Beach,Florida,DAB,1.89,81
9,Covington,Kentucky,CVG,1.05,76
12,Atlanta,Georgia,ATL,1.11,45
8,Key West,Florida,EYW,5.52,83
12,Cape Hatteras,North Carolina,HSE,0.69,50
4,Raleigh/Durham,North Carolina,RDU,0.09,51
1,Gainesville,Florida,GNV,0.35,46
12,Louisville,Kentucky,SDF,0.08,43
7,Montgomery,Alabama,MGM,0.54,85
12,Gainesville,Florida,GNV,0,67
6,Memphis,Tennessee,MEM,0.35,84
3,Montgomery,Alabama,MGM,0.26,68
1,Charleston,South Carolina,CHS,1.69,48
7,Birmingham,Alabama,BHM,2.61,86
11,Jackson,Kentucky,JKL,0.01,43
2,Columbia,South Carolina,CAE,2.18,53
10,Key West,Florida,EYW,0.4,84
4,Jackson,Kentucky,JKL,0.44,66
10,Orlando,Florida,MCO,2.61,80
8,Alma,Georgia,AMG,1.1,81
3,Augusta,Georgia,AGS,1.18,50
2,Key West,Florida,EYW,0.66,69
7,Mobile,Alabama,MOB,0,84
3,Augusta,Georgia,AGS,0.25,66
1,Covington,Kentucky,CVG,0,33
9,Fort Lauderdale,Florida,FLL,1.28,82
4,Charleston,South Carolina,CHS,0.26,61
2,Charleston,South Carolina,CHS,3.25,54
5,Gainesville,Florida,GNV,2.49,77
7,Charlotte,North Carolina,CLT,0.47,82
5,Cape Hatteras,North Carolina,HSE,1.75,66
7,Louisville,Kentucky,SDF,0.61,74
5,Jacksonville,Florida,JAX,0.14,75
11,Montgomery,Alabama,MGM,0,55
4,Anderson,South Carolina,AND,0.05,60
5,Pensacola,Florida,PNS,0,78
2,Greer,South Carolina,GSP,1.62,49
10,Jacksonville,Florida,JAX,0,77
6,Cape Hatteras,North Carolina,HSE,6.15,76
3,Savannah,Georgia,SAV,0.67,55
11,Clarksville,Tennessee,CKV,0.02,50
2,Fort Lauderdale,Florida,FLL,1.58,71
10,Wilmington,North Carolina,ILM,0,65
12,Fort Lauderdale,Florida,FLL,0.8,76
8,Knoxville,Tennessee,TYS,0.78,83
6,Greer,South Carolina,GSP,0.7,80
10,Anderson,South Carolina,AND,0.46,70
6,Paducah,Kentucky,PAH,1.27,74
1,Greensboro,North Carolina,GSO,0.61,39
8,Paducah,Kentucky,PAH,0.51,81
2,Knoxville,Tennessee,TYS,1.9,44
8,Key West,Florida,EYW,0.15,85
12,Orlando,Florida,MCO,0,69
11,Macon,Georgia,MCN,0,66
2,Louisville,Kentucky,SDF,0.57,25
12,Huntsville,Alabama,HSV,0,48
2,Daytona Beach,Florida,DAB,0,53
10,Asheville,North Carolina,AVL,0,60
11,Memphis,Tennessee,MEM,0.1,57
5,Columbia,South Carolina,CAE,0.51,74
7,Key West,Florida,EYW,0.47,85
1,Charlotte,North Carolina,CLT,0.97,41
4,Tampa,Florida,TPA,0.06,74
5,West Palm Beach,Florida,PBI,0.48,79
10,Cape Hatteras,North Carolina,HSE,0.51,76
9,Anderson,South Carolina,AND,0.01,80
7,Raleigh/Durham,North Carolina,RDU,0,82
2,West Palm Beach,Florida,PBI,0.61,69
1,Wilmington,North Carolina,ILM,1.45,45
8,Cape Hatteras,North Carolina,HSE,1.17,80
1,Clarksville,Tennessee,CKV,0.85,36
6,Crossville,Tennessee,CSV,1.58,72
1,Hickory,North Carolina,HKY,0.62,28
10,Key West,Florida,EYW,0,80
2,Greensboro,North Carolina,GSO,1,48
1,Paducah,Kentucky,PAH,0.05,34
10,Covington,Kentucky,CVG,0.04,61
7,Fort Lauderdale,Florida,FLL,0.17,84
5,Tampa,Florida,TPA,0,79
7,Key West,Florida,EYW,0.81,85
1,Asheville,North Carolina,AVL,0.48,37
5,Jackson,Kentucky,JKL,2.08,70
2,Crossville,Tennessee,CSV,3.83,45
2,Mobile,Alabama,MOB,0.5,55
10,Mobile,Alabama,MOB,0,70
6,Nashville,Tennessee,BNA,0,75
10,Tampa,Florida,TPA,0.2,79
11,Knoxville,Tennessee,TYS,0.16,51
12,Mobile,Alabama,MOB,0,56
11,Paducah,Kentucky,PAH,0.23,52
1,Bristol/Jhnsn Cty/Kngsprt,Tennessee,TRI,0.5,32
9,Jacksonville,Florida,JAX,2.3,80
11,Tampa,Florida,TPA,0,76
7,Daytona Beach,Florida,DAB,0,84
3,Knoxville,Tennessee,TYS,0.28,57
5,Pensacola,Florida,PNS,1.46,77
12,Augusta,Georgia,AGS,1.57,48
10,Montgomery,Alabama,MGM,0,77
8,Fort Lauderdale,Florida,FLL,1.02,82
9,Covington,Kentucky,CVG,0,75
1,Key West,Florida,EYW,0.87,65
6,Key West,Florida,EYW,0.08,84
7,Columbia,South Carolina,CAE,0.25,88
2,Bristol/Jhnsn Cty/Kngsprt,Tennessee,TRI,0.62,25
12,Tallahassee,Florida,TLH,0.61,60
10,Charlotte,North Carolina,CLT,0,67
8,Wilmington,North Carolina,ILM,4.78,82
3,Chattanooga,Tennessee,CHA,0.79,63
6,Birmingham,Alabama,BHM,0.03,83
5,Fort Lauderdale,Florida,FLL,0.91,82
2,Alma,Georgia,AMG,3.32,56
5,Knoxville,Tennessee,TYS,1.36,71
4,Birmingham,Alabama,BHM,0.37,60
4,Key West,Florida,EYW,0.22,75
7,Anderson,South Carolina,AND,0.46,84
5,Montgomery,Alabama,MGM,0,76
10,Raleigh/Durham,North Carolina,RDU,0,73
2,Orlando,Florida,MCO,0,55
4,Orlando,Florida,MCO,0.13,72
11,Greer,South Carolina,GSP,0,52
1,Fort Lauderdale,Florida,FLL,0.49,76
10,Hickory,North Carolina,HKY,0,61
6,Daytona Beach,Florida,DAB,0.06,81
9,Jacksonville,Florida,JAX,0.04,77
5,Memphis,Tennessee,MEM,1.09,67
12,Alma,Georgia,AMG,3.77,54
5,Lexington,Kentucky,LEX,0.34,71
10,West Palm Beach,Florida,PBI,0.4,81
12,Vero Beach,Florida,VRB,0,71
4,Tampa,Florida,TPA,0.1,75
5,Jacksonville,Florida,JAX,0.03,73
9,Miami,Florida,MIA,0.01,85
7,Cape Hatteras,North Carolina,HSE,0.36,82
4,Charlotte,North Carolina,CLT,0.3,58
5,Hickory,North Carolina,HKY,0.17,68
1,Greensboro,North Carolina,GSO,0.39,37
5,Fort Lauderdale,Florida,FLL,0,81
1,Macon,Georgia,MCN,0.26,46
9,Paducah,Kentucky,PAH,0,72
12,Miami,Florida,MIA,1.86,75
8,West Palm Beach,Florida,PBI,1.53,86
2,Nashville,Tennessee,BNA,1.15,47
4,Greensboro,North Carolina,GSO,0.12,56
1,Fort Lauderdale,Florida,FLL,0,72
2,Mobile,Alabama,MOB,1.18,53
5,Vero Beach,Florida,VRB,1.19,72
8,Jackson,Kentucky,JKL,2.18,77
10,Crossville,Tennessee,CSV,0,64
9,Augusta,Georgia,AGS,0.33,78
2,Memphis,Tennessee,MEM,2.03,48
4,Charlotte,North Carolina,CLT,0.34,52
5,Key West,Florida,EYW,0.51,76
1,Fort Lauderdale,Florida,FLL,2.41,67
8,Augusta,Georgia,AGS,0.79,84
11,Asheville,North Carolina,AVL,0,50
4,Jackson,Kentucky,JKL,0.58,45
11,Memphis,Tennessee,MEM,0.5,50
6,Macon,Georgia,MCN,0.01,81
5,Athens,Georgia,AHN,0,72
10,Daytona Beach,Florida,DAB,0,72
3,Clarksville,Tennessee,CKV,0.39,53
8,Hickory,North Carolina,HKY,0.41,79
2,Chattanooga,Tennessee,CHA,1.63,47
2,Charleston,South Carolina,CHS,0.38,56
8,Orlando,Florida,MCO,0.93,85
5,Anderson,South Carolina,AND,0.06,71
12,Macon,Georgia,MCN,2.11,49
9,Mobile,Alabama,MOB,1.09,83
5,Daytona Beach,Florida,DAB,3.97,79
4,Cape Hatteras,North Carolina,HSE,0.45,55
1,Covington,Kentucky,CVG,0.25,19
9,Hickory,North Carolina,HKY,0,78
11,Asheville,North Carolina,AVL,0,45
12,Wilmington,North Carolina,ILM,0.27,48
11,Anderson,South Carolina,AND,0.29,53
8,Alma,Georgia,AMG,0.35,83
6,Knoxville,Tennessee,TYS,3.11,76
1,Savannah,Georgia,SAV,0.11,53
11,Gainesville,Florida,GNV,0,59
1,Alma,Georgia,AMG,1.87,48
9,Crossville,Tennessee,CSV,0,71
4,Pensacola,Florida,PNS,0.8,70
4,Memphis,Tennessee,MEM,1.73,68
4,Gainesville,Florida,GNV,0.86,69
11,Huntsville,Alabama,HSV,0.02,49
2,Huntsville,Alabama,HSV,0.01,36
1,Anderson,South Carolina,AND,1.57,34
6,Charlotte,North Carolina,CLT,0.13,76
1,Birmingham,Alabama,BHM,0.51,54
10,Columbia,South Carolina,CAE,0,68
5,Asheville,North Carolina,AVL,0.28,66
1,Knoxville,Tennessee,TYS,0,36
3,Orlando,Florida,MCO,0.17,75
8,Montgomery,Alabama,MGM,1.11,86
6,Bristol/Jhnsn Cty/Kngsprt,Tennessee,TRI,0.91,74
7,Key West,Florida,EYW,0.02,87
10,Clarksville,Tennessee,CKV,0.01,63
1,Key West,Florida,EYW,1.17,75
10,Memphis,Tennessee,MEM,0,69
3,Tallahassee,Florida,TLH,4.44,61
2,Athens,Georgia,AHN,2.11,51
9,Lexington,Kentucky,LEX,0.22,78
7,Covington,Kentucky,CVG,0.45,69
12,Mobile,Alabama,MOB,1.22,51
4,Memphis,Tennessee,MEM,0.37,61
9,Wilmington,North Carolina,ILM,0,80
8,Louisville,Kentucky,SDF,0.7,82
4,Greensboro,North Carolina,GSO,0.07,61
1,Nashville,Tennessee,BNA,0.37,37
5,Greer,South Carolina,GSP,0.06,71
5,Gainesville,Florida,GNV,0.3,75
2,Wilmington,North Carolina,ILM,6.14,54
5,Huntsville,Alabama,HSV,0.09,69
12,Paducah,Kentucky,PAH,0.92,35
4,Atlanta,Georgia,ATL,1.21,60
9,Tampa,Florida,TPA,0.28,85
3,Augusta,Georgia,AGS,1.52,59
4,Covington,Kentucky,CVG,0.43,63
10,Wilmington,North Carolina,ILM,0.1,67
12,Huntsville,Alabama,HSV,1.8,42
6,Gainesville,Florida,GNV,0.97,82
2,Gainesville,Florida,GNV,3.6,59
10,Greer,South Carolina,GSP,0,67
2,Jackson,Kentucky,JKL,0.51,23
10,Greensboro,North Carolina,GSO,0,60
1,Wilmington,North Carolina,ILM,0.63,48
6,Covington,Kentucky,CVG,0.29,74
5,Vero Beach,Florida,VRB,0,80
1,Montgomery,Alabama,MGM,2.77,42
10,Covington,Kentucky,CVG,2.84,63
12,Augusta,Georgia,AGS,1.17,50
3,Montgomery,Alabama,MGM,1.59,54
7,Tampa,Florida,TPA,0,86
2,Chattanooga,Tennessee,CHA,2.75,49
3,Charlotte,North Carolina,CLT,0.12,64
5,Charleston,South Carolina,CHS,4.84,74
7,Augusta,Georgia,AGS,0,84
12,Tallahassee,Florida,TLH,0.53,64
6,Huntsville,Alabama,HSV,2.56,79
6,Savannah,Georgia,SAV,1.93,82
7,West Palm Beach,Florida,PBI,0.04,85
11,Augusta,Georgia,AGS,0.01,64
11,Louisville,Kentucky,SDF,0.15,52
3,Pensacola,Florida,PNS,0.15,60
11,Charlotte,North Carolina,CLT,0,49
12,Tampa,Florida,TPA,0,71
9,Cape Hatteras,North Carolina,HSE,0.12,79
2,Raleigh/Durham,North Carolina,RDU,1.54,49
1,Lexington,Kentucky,LEX,0.6,18
6,Louisville,Kentucky,SDF,1.8,82
10,Savannah,Georgia,SAV,11.52,74
4,Chattanooga,Tennessee,CHA,0.65,54
8,Alma,Georgia,AMG,0.71,83
1,Crossville,Tennessee,CSV,0.07,33
10,Jackson,Kentucky,JKL,1.32,65
10,Alma,Georgia,AMG,0,71
4,Asheville,North Carolina,AVL,0.54,56
4,Daytona Beach,Florida,DAB,1.15,72
10,Augusta,Georgia,AGS,2.09,71
7,Macon,Georgia,MCN,0.65,85
4,Macon,Georgia,MCN,5.54,63
11,Tampa,Florida,TPA,0,67
7,Chattanooga,Tennessee,CHA,1.12,83
11,Covington,Kentucky,CVG,0.05,57
